energy,Ac,Ag,Al,Ar,As,At,Au,B,Ba,Be,Bi,Br,C,Ca,Cd,Ce,Cl,Co,Cr,Cs,Cu,Dy,Er,Eu,F,Fe,Fr,Ga,Gd,Ge,H,He,Hf,Hg,Ho,I,In,Ir,K,Kr,La,Li,Lu,Mg,Mn,Mo,N,Na,Nb,Nd,Ne,Ni,O,Os,P,Pa,Pb,Pd,Pm,Po,Pr,Pt,Ra,Rb,Re,Rh,Rn,Ru,S,Sb,Sc,Se,Si,Sm,Sn,Sr,Ta,Tb,Tc,Te,Th,Ti,Tl,Tm,U,V,W,Xe,Y,Yb,Zn,Zr
0.75,6215.79479,7117.19475,297.01444,0.50783,1122.08276,560.96926,8396.06938,265.70752,2964.40606,101.38673,5091.35384,745.27618,468.78175,723.26249,6135.46416,6505.81793,419.67133,8469.1729,5161.1007,1759.9529,9446.94665,2036.36429,2379.09723,1094.16541,612.56378,6945.92559,581.30145,932.69372,1716.23132,934.57007,7e-05,0.00109,4234.09476,6263.9386,2195.63078,4344.97952,5517.11661,9058.89107,335.74333,0.90878,5499.14725,11.13438,2975.96313,145.47276,5827.22509,4842.53564,0.3695,58.02799,3787.47289,7741.67535,0.62782,8530.54224,0.5885,8633.63488,329.13814,9664.43137,5682.56336,7566.81062,1416.93166,5089.87259,7252.01604,9082.10811,3038.64253,440.38133,7747.92557,7357.42898,0.51406,6812.80886,476.88976,5553.56808,1504.34512,1020.4068,341.02028,1517.26487,5777.4587,849.87664,5574.25967,1879.56444,5881.53028,5083.50315,7472.85811,2554.01081,5695.80961,2582.19696,12032.71193,3815.73428,6797.35816,4.81907,1648.71324,2011.19761,1038.01925,2619.95461
1.25,2807.58379,2768.60574,98.38062,0.16868,2908.61858,241.99379,3680.58393,79.69958,1519.88306,29.90477,2160.52325,265.33975,145.76161,250.93771,2390.59025,3242.90798,137.84932,3150.42873,1823.74833,775.28166,3822.2896,4678.83278,5512.93402,2906.7266,209.277,2533.87445,249.67671,2924.49013,3856.89069,2845.09379,2e-05,0.00029,1733.57615,2750.08169,5071.11854,1806.90337,2154.92809,3814.65272,114.44465,0.32588,2812.29074,3.12147,1223.08668,728.55507,2087.63516,1809.16857,0.12008,298.27279,1414.06808,3559.10462,0.22036,3636.32573,0.19477,3556.236,107.44121,4832.32538,2436.6462,2898.4736,3882.07583,2155.42325,3311.24906,3916.01109,1351.90022,157.32016,3168.5276,2792.0053,0.22097,2560.07794,155.25457,2188.7303,526.80705,2591.0814,112.36562,3922.30926,2265.84793,308.98375,2273.09534,4308.45446,2194.94528,2104.03117,3451.12385,894.97557,2480.78371,3981.08356,6048.18676,1341.46411,2763.68853,2.10125,603.94622,829.41065,3344.75942,969.59664
1.75,1539.65926,1378.2016,615.123,0.07815,1630.67515,136.22765,1961.21722,34.05922,775.60684,12.64019,1200.72298,1029.047,63.16734,116.341,1195.1521,1673.83091,64.00344,1501.36629,871.53049,395.78907,1863.20968,2844.96155,3094.31327,1653.97789,95.51652,1206.98978,140.36619,1434.12575,2538.30258,1396.27587,1e-05,0.00011,4640.12015,1485.38847,3055.67752,921.61486,1086.70729,2070.96102,52.76917,1.22217,1442.17184,1.27469,3289.22875,328.81703,995.90481,903.30874,0.05263,143.73578,700.58109,1949.51511,0.10114,1743.29054,0.08851,6207.73083,49.88069,2600.70698,1341.89112,1457.29151,2134.00836,1215.70838,1815.01466,2097.66589,741.86503,504.61543,8265.60114,1410.9679,0.12468,1295.43248,72.0218,1116.99308,246.52049,1441.61573,653.17445,2273.9731,1152.86839,659.19516,6055.7618,2776.78231,1107.39702,1075.3607,1872.48877,425.29893,1350.39112,3351.679,3269.1527,642.27934,7307.58846,1.0715,298.97794,2612.31954,1642.87515,480.87747
2.25,988.31541,810.3569,339.9619,0.04347,933.48351,85.83276,5107.33696,17.5624,456.88448,6.35439,754.09851,591.18166,32.91669,64.16041,703.32816,986.53139,35.69525,843.90456,489.35947,233.39273,1048.13105,1802.09342,2065.06019,992.73973,51.63443,679.24418,90.60129,814.6403,1531.65011,798.75475,1e-05,5e-05,3351.61392,3819.0035,1926.29594,546.81918,635.96927,5556.71966,29.21323,0.70364,850.62749,0.63775,2493.56231,184.46351,562.01576,527.52342,0.02753,79.64734,2225.14236,1151.73388,0.05491,978.36531,0.04691,6254.96152,328.96391,1634.98675,2392.78157,853.8937,1261.55986,761.93866,1070.21114,5535.81966,475.61433,335.73807,5626.14322,823.74974,0.0795,756.45514,439.30954,652.2997,135.62942,825.77592,363.69836,1354.70065,670.62769,605.44035,4389.57378,1682.77609,648.85519,633.41519,1186.7054,235.106,3486.19147,2216.43311,2046.91828,357.45524,4959.85426,0.63393,1145.36846,1703.62916,925.9094,1547.72771
2.75,679.5853,520.77459,211.06027,0.02711,586.82337,226.04127,3833.16492,10.24463,297.21106,3.62468,1976.41399,374.53578,19.34762,39.71513,452.14047,639.94082,232.08806,529.54619,302.16038,151.85943,655.02437,1177.96688,1360.27754,644.39971,30.96878,424.86193,130.65619,508.42091,995.81932,499.10837,0.0,3e-05,2318.31694,2841.57163,1264.31606,352.28265,410.16297,4468.96638,18.1416,0.44593,553.01774,0.36522,1653.95584,112.95137,348.74217,2037.45066,0.01623,48.37521,1618.69979,749.11595,0.0333,612.54371,0.02777,4317.72798,204.23544,1123.38433,2201.99895,549.47691,819.02251,1992.99071,694.44776,4171.97867,324.99333,213.02448,4080.89095,532.17722,0.14472,2455.06948,278.95187,421.64297,83.69886,522.21928,226.38365,879.23186,433.54461,385.3885,3013.69649,1095.49925,2122.92863,408.45533,814.38857,144.81752,2582.94423,1463.54517,1407.18761,220.02318,3622.80226,0.41042,733.47704,1127.69925,577.26896,1142.46713
3.25,1683.73839,1185.39312,137.29107,0.1785,384.87007,175.10307,2889.0614,6.38746,199.37988,2.22693,1539.13838,248.13514,12.09378,25.62934,297.42384,432.48602,155.58663,346.25528,194.61021,101.55018,431.87763,795.203,919.60778,433.15912,19.58169,276.06367,155.98153,333.61194,670.65658,327.37615,0.0,2e-05,1585.12127,2045.06144,854.46661,235.82415,270.68356,3205.646,11.72741,0.29755,373.00219,0.22568,1125.79416,73.04472,225.21198,1376.14776,0.01017,31.20769,1087.76442,504.54664,0.02142,403.31985,0.01746,3099.71524,135.35342,1775.22571,1717.6153,1785.45007,550.26245,1551.87684,468.95624,3158.90754,807.9038,142.6661,2808.1691,2000.63308,0.13663,1799.36327,185.65531,279.53237,53.90829,343.40654,149.50682,590.70589,286.31253,258.06213,2069.20203,738.92711,1650.64087,272.43164,1803.1047,93.22012,1852.29221,989.70612,962.88075,141.65815,2489.98191,0.27443,491.08418,764.51419,379.25337,766.10911
3.75,1404.30673,1357.99535,94.28916,0.12629,267.93713,123.94607,2092.32505,4.21225,141.07556,1.46665,1213.79557,172.41366,8.0554,17.50934,996.11279,305.85022,109.54176,238.36062,133.3342,71.98982,300.00777,565.61888,655.86793,308.19642,13.16902,189.37511,128.80264,232.57437,477.06701,227.99817,0.0,1e-05,1132.87149,1541.75784,608.09664,165.49392,891.30272,2315.14405,79.7997,0.20744,263.67363,0.15027,805.39755,50.0826,154.40454,971.54701,0.00678,21.35525,768.94873,359.57339,0.01445,278.70067,0.01169,2238.65135,94.74758,2034.02891,1372.21913,1461.2062,392.216,1176.12423,333.02607,2290.31485,666.90957,100.01435,2018.17615,1424.69143,0.11395,1330.41132,130.13221,195.49412,36.91396,238.83677,103.31624,420.52906,684.25788,182.28835,1476.81776,525.29536,1168.5261,190.70886,1431.87341,63.81568,1386.63373,706.73288,2581.0927,97.00739,1782.30196,0.19382,347.82493,546.44529,264.64321,542.08595
4.25,1034.53726,999.25212,67.84457,0.09271,195.24623,103.13251,1574.53108,2.92782,104.83411,1.02134,919.59514,125.36204,5.64829,122.26876,854.39404,226.48562,80.16311,171.81837,96.09881,53.1825,217.44188,421.67264,488.59716,230.45741,9.30463,136.56425,101.76793,169.78502,356.41214,166.28576,0.0,1e-05,846.50198,1163.26626,453.22453,121.01951,756.47676,1724.03869,58.94841,0.15047,195.64955,0.10636,600.86012,35.98567,111.33533,717.33036,0.00476,15.31709,568.42866,266.69287,0.01023,201.87712,0.00823,1662.82649,68.85411,1712.81804,1034.98765,1065.6644,293.32015,919.63011,246.34857,1715.73869,525.97205,72.78624,1500.81888,1051.91714,0.09429,984.27292,95.28865,656.8312,121.90966,173.92282,74.29157,314.74012,780.46675,133.0856,1105.45352,391.84746,862.64088,460.29685,1236.12345,45.96867,1045.92505,527.02277,2181.33881,69.88833,1334.06962,0.14239,255.51794,407.58429,193.13241,400.58041
4.75,862.65481,756.43943,50.31426,0.06981,147.51881,79.97554,1208.23131,2.10722,79.82395,0.73816,715.19218,94.49395,4.09424,92.95782,649.27788,173.22505,60.37923,127.98116,71.59911,40.30327,162.26558,323.12607,373.72496,176.88253,6.7871,101.77187,82.3392,128.16385,273.68737,125.74545,0.0,1e-05,646.79779,895.72849,346.99008,408.6121,580.64445,1325.23115,44.6042,0.11317,149.69054,0.07854,459.28351,26.65265,82.9742,545.3152,0.00345,11.23897,430.77756,203.51604,0.00748,150.1984,0.00598,1279.26451,51.01533,1299.30132,803.84867,806.57048,223.75292,715.09887,188.22766,1316.76447,423.53265,54.48954,1153.56471,798.30656,0.07302,747.27698,71.66815,574.49144,186.87785,131.25201,55.06217,240.7025,602.03277,99.7363,845.23738,300.56088,655.48585,547.70878,1003.10105,314.55287,809.50197,402.89832,1610.43919,52.05294,1020.99972,0.34317,191.74774,311.45926,144.78249,301.81338
5.25,698.93573,592.51049,38.63708,0.05428,114.75196,63.60282,953.61219,1.5805,190.22436,0.55705,565.5508,73.30322,3.07865,72.84487,508.57368,136.29571,46.95799,98.9025,55.35445,134.31364,125.11134,256.00578,295.71652,139.31825,5.13923,78.6816,65.37151,98.92751,216.1337,97.55632,0.0,1e-05,510.13266,706.24499,274.81968,368.9306,456.46023,1044.3269,34.71076,0.08765,280.61459,0.06078,362.49804,20.44545,64.1627,425.35117,0.0026,8.52345,334.70716,160.86699,0.00567,115.90213,0.00451,1007.01518,39.14559,1133.51041,633.04848,633.28785,176.53643,567.52069,148.66381,1038.1269,336.07935,42.25724,907.60271,625.93421,0.05807,586.25618,55.04151,455.78552,146.66979,101.97936,42.25924,189.65858,475.96874,77.31428,666.1272,237.88325,513.36055,434.30801,834.01473,243.7191,637.63401,318.53304,1342.06732,360.95176,805.01425,0.42189,148.67661,246.02109,111.36419,234.1266
5.75,566.81712,472.54921,30.18825,0.04289,91.08644,51.26638,767.18907,1.21025,221.42595,0.43006,454.91056,58.24716,2.34982,57.66148,404.88194,323.83886,36.86628,77.88404,200.64672,123.15041,98.30389,205.4484,238.25908,111.78901,3.96297,61.993,52.94338,77.9082,173.21198,77.12668,0.0,1e-05,409.54818,568.71264,221.13976,296.94906,363.43373,839.97119,27.42794,0.06951,385.29515,0.04835,291.37607,15.85647,50.56575,336.04962,0.002,6.58154,264.14284,128.99425,0.00438,91.14157,0.00347,808.93124,30.56102,922.50538,509.56383,506.20552,141.73376,456.54167,356.73449,835.54121,272.26857,33.37861,729.25911,498.84001,0.04695,465.70836,43.00874,364.98332,116.92612,81.15003,32.99865,152.36243,379.77701,61.00983,534.30945,190.63063,406.5218,349.07036,675.04534,194.22212,514.00715,256.45379,1140.54703,284.36269,645.30246,0.34049,117.30258,197.91123,87.61743,184.78871
6.25,467.35464,384.61143,24.09735,0.03451,73.45754,42.009,628.99057,0.95091,195.21606,0.34142,373.03896,47.22189,1.83868,46.5054,329.00057,357.1982,29.45404,62.73397,307.00931,101.10775,79.01426,167.96563,194.98009,91.60222,3.12731,49.95947,43.43613,62.55542,141.91131,61.97968,0.0,1e-05,335.90195,466.47651,180.7398,242.42608,294.90264,687.39018,22.10664,0.05624,361.23391,0.03966,239.22413,12.53417,40.70698,270.93707,0.00157,5.19892,213.00885,305.70101,0.00346,73.31887,0.00273,662.19496,24.37965,762.21574,417.64815,411.88603,339.06515,374.32979,388.19321,683.93372,223.94533,26.93776,597.31701,403.6513,0.03847,376.21115,34.3366,296.49764,94.50655,65.64999,26.33253,124.46357,308.1757,49.21812,437.84894,155.97243,327.82155,284.16277,556.47538,158.23771,421.19003,210.51787,944.5647,230.95997,528.34121,0.27883,94.54577,162.57535,70.4052,149.01313
6.75,389.69303,318.08021,19.55844,0.02815,60.27205,34.99227,523.17398,0.76556,162.68541,0.2782,310.61876,38.96249,1.47311,38.18324,272.34048,343.57721,24.00728,51.58695,253.9474,84.06725,64.84769,140.05151,162.34006,179.05967,2.52162,40.9821,36.17797,51.33214,118.00919,50.81871,0.0,1e-05,280.80446,388.43433,150.58771,200.65105,243.81719,571.89528,18.14868,0.04645,300.38145,0.03347,199.94406,10.11889,284.90237,222.90771,0.00126,4.1949,175.23299,343.75137,0.00279,60.21625,0.0022,551.33639,19.84315,639.2524,348.01173,339.51265,273.15303,311.62487,368.6672,568.83269,186.54577,22.18198,497.65453,332.31051,0.03205,309.31049,27.96752,245.00269,77.67955,53.99687,21.43737,295.71788,254.64486,40.50722,365.83764,130.09979,269.61889,234.90535,465.18711,130.35683,350.98395,175.19935,794.86953,191.64711,441.14174,0.23123,77.77321,135.55019,57.8207,122.51096
7.25,329.14934,265.48861,16.0177,0.02325,49.98477,29.53445,441.31172,0.62661,136.64613,0.23082,262.44962,32.39962,1.19868,31.73811,227.79395,289.35714,19.82434,42.876,213.15976,70.49194,53.96179,117.92699,136.97786,178.68749,2.06204,283.78219,30.55197,42.63379,280.70701,42.17512,0.0,0.0,237.29665,327.61045,127.1202,167.90731,204.11835,482.85955,15.04749,0.03874,252.30445,0.02882,168.55697,8.28221,238.19542,185.82721,0.00103,3.43194,145.98258,333.43715,0.00228,50.14217,0.0018,465.771,16.36386,540.06908,293.96411,283.12754,361.37222,263.17925,311.26139,480.03881,157.6117,18.51052,420.6702,276.8851,0.02704,257.76566,23.07892,204.96678,64.60119,44.84787,17.68361,336.46772,213.09919,33.78313,309.53266,109.28306,224.76137,196.50912,392.86151,108.58376,296.28596,147.75335,673.67704,160.29533,373.23896,0.19364,64.84143,114.24846,48.05627,102.09177
7.75,281.35482,223.95261,13.27927,0.01944,41.97503,25.25369,377.03578,0.52061,115.74397,0.19473,224.37474,27.23669,0.9893,26.66659,192.31387,245.47823,16.56018,293.56429,180.51144,59.66876,45.45895,280.12181,116.69219,207.10707,1.70742,239.21793,26.09595,35.85093,321.04722,35.43897,0.0,0.0,202.24067,279.78288,108.04866,142.04775,172.53006,412.88569,12.5841,0.03259,213.85198,0.02527,143.71492,6.86229,202.11599,156.64515,0.00085,2.84261,123.06356,283.87375,0.00189,42.18781,0.00149,398.47719,13.65406,461.31285,251.19881,238.72038,308.37756,224.99572,264.68277,410.29374,134.61962,15.61723,360.08048,233.49291,0.02311,217.40337,19.26974,173.43685,54.3021,37.63567,14.74662,328.42853,180.32931,28.51415,264.19533,256.36168,189.60531,166.25118,335.69603,91.39763,252.93173,126.06288,575.41901,135.12241,319.18253,0.16384,54.69114,97.44072,40.4384,86.10985
8.25,242.91133,190.72097,11.12432,0.01641,35.61751,21.81293,325.71453,0.43828,98.88608,0.16671,193.76495,23.08299,0.82655,22.56612,163.80343,209.89195,13.97202,248.99066,153.69646,50.9735,38.67489,234.96199,276.63204,205.89588,1.42931,204.97386,22.53841,30.46088,316.45347,30.0899,0.0,0.0,174.0879,241.60307,253.32747,121.34675,147.09659,356.94482,10.62765,0.02768,182.81262,0.02251,123.76089,5.74556,172.94006,133.3722,0.00071,2.37934,104.80335,243.39334,0.00158,283.6965,0.00124,344.64945,11.50718,397.92766,216.80872,203.3195,264.78085,194.36553,226.53773,354.56656,116.22885,13.26754,310.95974,198.90565,0.01996,185.22232,16.24817,148.13553,46.0753,31.91477,12.36699,282.27898,153.84345,24.29939,227.36858,301.26235,161.45561,142.03655,289.50238,77.64043,218.29872,108.33842,496.32224,114.89984,274.73704,0.13996,46.60117,83.90341,34.38211,73.35273
8.75,211.34008,163.86406,9.40989,0.01398,30.47944,18.97462,283.557,0.37378,85.22345,0.14478,168.48544,19.73424,0.69905,19.24739,140.71215,180.93349,11.89963,215.60609,131.97762,43.93546,142.70209,278.10827,235.03118,178.31844,1.20869,176.99327,19.60164,26.09395,274.71721,25.76157,0.0,0.0,151.0395,210.26628,301.61265,104.62016,126.33845,310.70861,9.06033,0.02365,157.60263,0.02034,107.26589,4.85768,148.66505,114.58695,0.0006,2.01127,90.05907,210.0345,0.00134,243.71253,0.00105,299.41649,9.79137,345.61202,188.52866,174.72131,228.71144,169.09544,195.3319,308.80849,101.11363,11.36328,269.93672,170.94221,0.01736,159.14599,13.83182,127.46317,39.45757,27.29738,10.46702,244.17665,132.28758,20.82969,197.2264,299.89011,138.67313,122.33347,251.52872,66.56228,189.89682,251.67608,431.09709,98.58669,238.24733,0.12065,40.05892,198.64767,29.4705,63.03542
9.25,184.18488,141.676,8.03054,0.01202,26.19249,16.52923,247.38165,0.32293,73.99753,0.12754,146.82768,16.9573,0.59859,16.55964,121.62489,157.07991,10.22551,187.69237,114.35286,38.15503,220.84484,281.28259,280.96299,155.15983,1.03179,153.62158,17.07644,22.43354,239.36982,22.14119,0.0,0.0,130.59742,183.42608,298.6897,90.69808,109.17947,270.40376,7.79147,0.02032,136.84879,0.01864,250.3086,4.14263,128.87991,99.10665,0.00051,1.71504,77.89231,182.42357,0.00114,213.11082,0.0009,260.48396,8.38649,301.16388,164.34588,151.10074,198.75743,147.33979,169.58544,269.09097,88.08947,9.76593,234.88583,147.83512,0.01513,137.59333,11.8811,110.27182,33.97862,23.45664,8.93965,212.35803,114.31142,17.95644,171.50026,262.5697,119.92114,105.93975,219.26623,57.60466,165.5854,221.14859,375.56805,85.37756,207.29608,0.10475,34.56279,168.72108,25.23104,54.53052
9.75,161.3523,123.22422,6.89521,0.01039,22.64608,14.48046,216.68476,0.28145,64.63024,0.11346,128.69606,14.66083,0.51659,14.33027,105.75599,137.17865,8.8383,163.99248,99.64153,33.30502,192.67658,247.58938,281.63548,135.70283,0.8865,133.97814,14.95982,19.34375,209.48029,19.14569,0.0,0.0,305.4725,160.8118,262.53632,78.9948,94.91482,236.61635,6.73949,0.01757,119.52002,0.01725,214.74529,3.55452,112.35398,86.21787,0.00044,1.47151,67.76597,159.32124,0.00098,186.73496,0.00077,227.9836,7.21574,263.89152,144.09524,131.42971,173.6112,129.10333,148.09553,235.51233,77.15028,8.44336,205.55827,128.56909,0.01326,119.66673,10.2654,95.87377,29.41645,20.27987,7.68137,185.6073,99.35684,15.54302,401.35095,230.23707,104.32692,92.16719,192.10233,50.04627,145.2225,267.0841,329.17014,74.35388,180.34478,0.09134,29.98306,175.01804,168.01018,47.36556
10.25,141.97625,107.66254,5.9467,0.00902,19.67585,12.74655,190.4938,0.24704,56.66607,0.10177,113.35915,12.737,0.44857,12.45337,92.38377,120.33717,7.67167,143.67771,87.17652,29.17029,169.36448,217.55767,248.45117,119.13013,0.76535,117.29013,13.16812,128.75048,183.94543,16.61606,0.0,0.0,262.87211,141.51339,230.92098,69.02908,82.8952,208.01106,5.85429,0.01526,104.8445,0.01609,260.50029,3.06366,98.34694,75.33836,0.00038,1.26837,59.17527,139.74823,0.00085,163.70768,0.00067,199.98404,6.23078,232.24055,126.92586,114.81854,152.26487,113.67413,129.91028,207.00924,67.88586,7.3352,179.87225,112.30783,0.01167,104.55886,8.90189,83.69469,25.57094,17.61885,6.62916,162.84997,86.75731,13.50287,346.03598,202.1409,91.1709,80.47789,169.00646,43.58185,127.89488,270.03219,289.8123,65.00141,422.09831,0.07989,26.10267,186.01047,146.6598,41.27883
10.75,125.54551,94.52778,5.15487,0.00787,17.18877,11.27832,168.27719,0.21851,49.85363,0.09207,100.38167,11.12552,0.3922,10.87349,81.11397,106.07613,6.69109,126.33415,76.6145,25.63698,149.90037,191.18423,219.11458,104.98846,0.66442,103.14846,11.65143,112.09568,162.15013,14.5214,0.0,0.0,322.24502,124.99137,204.1122,60.54408,72.76572,183.81145,5.10964,0.01333,92.40981,0.01512,264.15133,2.6543,86.47467,66.154,0.00033,1.09908,51.83551,123.18408,0.00073,143.78014,0.00058,459.87269,5.40721,205.31941,112.32778,100.7836,134.19106,100.62714,114.51875,182.97402,60.05317,6.40693,415.30386,98.60431,0.01032,91.83066,7.74605,73.4332,22.33394,15.39017,5.74998,143.51225,76.14193,11.79379,301.55784,177.88801,80.0626,70.59207,149.40894,38.06632,113.04402,236.44748,256.25568,57.05357,365.89077,0.07014,22.79546,180.30669,129.21092,36.14387
11.25,112.51057,84.12812,4.53797,0.00697,15.19195,10.11286,150.42898,0.1965,44.39497,0.08455,89.93311,9.86352,0.34866,9.62944,72.20785,94.65756,5.9204,112.55217,68.22282,22.80513,134.34107,170.60811,196.12309,93.75151,0.58598,91.9029,10.44094,99.88559,144.76923,97.24645,0.0,0.0,329.63974,111.9014,182.70292,53.83596,64.76999,422.77622,4.52349,0.01182,82.36551,0.01436,237.00584,2.33567,77.04243,58.77893,0.00029,0.96739,46.02765,110.03608,0.00065,128.05584,0.00051,409.77825,4.76418,183.88448,100.57163,89.70778,119.85816,90.22451,102.30167,163.09001,53.81844,5.6798,369.50282,87.79011,0.00925,81.75522,6.82685,65.33188,19.78359,13.64524,5.06435,128.1639,67.7585,10.45459,370.94815,158.70198,71.26027,62.78594,133.85336,33.71496,101.19788,210.9212,229.47732,50.56128,322.49936,0.06235,20.20309,161.89048,115.7172,32.03086
11.75,100.85583,74.86214,3.99202,0.00616,101.5172,9.06808,343.74149,0.17709,39.49669,0.07793,80.56208,8.74346,0.31029,8.52296,64.26358,84.40018,5.23213,100.24082,60.64318,20.27297,120.20439,152.26854,175.50983,83.71518,0.51665,81.8589,9.35923,89.17992,129.24408,86.20949,0.0,0.0,297.13326,99.86611,163.44458,47.86131,57.64696,378.18574,4.00236,0.01047,73.34951,0.01369,212.78636,2.05394,68.61531,52.19108,0.00026,0.85097,40.82731,98.27215,0.00057,114.02512,0.00045,363.95445,4.19453,164.7441,90.05549,79.84437,107.05787,80.87391,91.31643,375.57838,48.24053,5.03436,421.61083,78.14899,0.0083,72.75944,6.01114,58.11875,17.51502,12.07947,4.45721,114.45661,60.29335,9.26585,385.03015,141.60314,63.37052,55.83545,119.96311,29.84395,90.50543,188.41746,205.55509,44.76101,399.40623,0.05541,17.90187,145.22139,103.69393,28.37344
12.25,90.82928,66.93885,3.52971,0.00548,89.88449,8.16508,307.74926,0.16077,35.26192,0.07234,72.47412,7.79082,0.278,7.57905,57.45428,75.51405,4.64042,89.66987,54.0047,18.09783,107.70654,136.5387,157.654,75.10002,0.45804,73.23821,8.4305,80.21329,115.92287,77.13779,0.0,0.0,267.79342,228.05778,146.71319,42.75464,51.55471,337.91607,3.55805,0.00933,65.56017,0.01312,191.68011,1.81572,61.37713,46.54431,0.00023,0.75253,36.34,88.13992,0.0005,101.98872,0.0004,451.80029,3.71146,148.32608,81.0225,71.41355,96.06849,72.75891,81.77038,335.84854,43.43924,4.48529,407.34881,69.89144,0.00747,65.03769,5.31927,51.95585,15.57951,10.75248,3.94261,102.68995,53.91417,8.25466,348.03325,126.97316,56.55139,49.89682,108.04284,26.5413,81.36712,169.41876,185.02642,39.80119,416.40486,0.04948,15.94425,130.70815,93.37245,25.26311
12.75,82.50063,60.41163,3.15323,0.00491,80.99007,7.40993,277.78921,0.14754,31.76592,0.0678,65.54864,6.98704,0.25187,6.80344,51.84046,68.09542,4.15009,80.92155,48.49386,16.30765,97.2754,123.5174,142.71393,67.96753,0.40993,66.10046,7.65642,72.82756,104.89939,69.86145,0.0,0.0,243.13528,206.12815,132.77728,38.54931,46.51859,421.44499,3.19311,0.0084,59.06796,0.01265,174.00681,1.62174,55.2952,41.84751,0.00021,0.67244,32.66344,79.64228,0.00045,92.02317,0.00036,442.82883,3.3172,134.71926,73.17393,64.44926,86.86604,66.03164,73.8161,301.30378,39.46057,4.0353,427.02174,63.0415,0.00678,58.60242,4.75428,46.87749,13.98835,71.74541,3.52295,92.94387,48.65489,7.42565,316.1795,114.87397,50.90655,45.00471,98.13424,23.82714,185.19934,153.44799,168.02787,35.72578,379.13908,0.0446,14.33977,118.51653,84.49281,22.71391
13.25,74.71145,54.32734,2.80396,0.00439,72.83956,6.70071,249.50031,0.1353,28.50539,0.06359,148.02263,46.40772,0.22768,6.08131,46.60686,61.14667,3.69237,72.75321,43.34436,14.63972,87.50411,111.35803,128.70834,61.30419,0.36518,59.43249,6.93148,65.92796,94.60664,63.14477,0.0,0.0,219.97261,185.08264,119.73375,34.63044,41.81891,440.21164,2.85338,0.00752,52.99287,0.01221,157.41937,1.4418,49.58245,37.45646,0.00018,0.59817,29.24429,71.66775,0.0004,82.71705,0.00032,427.03945,2.95114,122.00465,165.89414,57.94942,78.23502,59.71827,66.36779,378.29182,35.74133,3.61677,387.18532,56.63859,0.00614,52.57843,4.22958,42.14382,12.50665,64.12131,3.13342,83.8336,43.75101,6.6545,286.01182,103.57946,45.63454,40.44523,88.86662,21.29999,167.21498,138.45045,152.15023,31.93142,343.42215,0.04005,12.84738,107.06509,76.08815,20.34286
13.75,68.51193,49.53655,2.53388,0.00397,66.66424,6.11502,314.85306,0.12591,25.95191,0.06035,134.72978,41.77164,0.20914,5.51712,42.50055,55.64668,3.33776,66.30957,39.31386,13.33099,79.734,101.76248,117.59974,55.98916,0.33058,54.12391,6.35131,60.17364,86.47897,57.88565,0.0,0.0,201.3579,167.77793,109.39404,31.55702,38.12608,402.71454,2.58809,0.00681,48.23542,0.01187,143.94495,1.30292,44.98953,34.03624,0.00017,0.54088,26.58005,65.301,0.00036,75.37978,0.00029,390.98757,2.66768,111.90152,151.22068,52.7914,71.35317,134.59102,60.41453,396.64814,32.75233,3.29039,354.30042,51.54939,0.00562,47.8113,3.8232,38.42733,11.34848,58.46163,2.83205,76.48665,39.88666,6.05304,261.73528,94.66623,41.45618,36.868,81.52021,19.32399,152.34257,126.51918,139.56299,28.96608,314.37633,0.03648,11.68329,97.84001,69.38266,18.49429
14.25,62.55067,44.93347,2.27565,0.00357,60.74787,13.73199,331.48365,0.11694,23.50473,0.05725,122.45715,37.7164,0.19143,4.97673,38.56182,50.37691,2.9985,60.12803,35.4534,12.07687,72.27518,92.55589,106.93838,50.88059,0.29752,49.00607,5.78766,54.64333,78.65734,52.79589,0.0,0.0,183.43627,212.48135,99.47173,28.61132,34.58658,368.01031,2.33402,0.04501,43.6768,0.01155,130.99127,1.17014,40.58803,30.76148,0.00015,0.4861,24.02896,59.1854,0.00033,68.34213,0.00026,356.31705,2.39654,102.19356,136.99921,47.83916,64.73849,122.85527,54.70678,363.42867,29.86899,2.97479,322.70541,46.66309,0.00513,43.2374,3.43444,34.8624,10.23905,53.06407,2.54382,69.43186,36.18154,5.47706,238.3763,86.10417,37.45582,33.43897,74.45255,17.43141,137.86844,115.06501,127.47553,26.12575,286.44966,0.03306,10.56856,88.97958,62.94138,16.72415
14.75,57.63049,41.15053,2.06917,0.00325,55.96299,12.60818,305.11185,0.1098,21.52197,0.05477,112.18624,34.58282,0.17736,4.54034,35.3553,46.11313,2.72629,55.09166,32.33591,11.06135,66.17652,85.04888,98.23125,46.67415,0.27122,44.72167,5.31538,50.09184,72.17288,48.4461,0.0,0.0,168.54295,224.4429,91.37321,26.22366,31.71707,338.4802,2.129,0.04093,39.98692,0.01129,120.31295,1.06407,37.02289,28.12233,0.00014,0.44237,21.97226,54.16714,0.0003,62.61366,0.00024,327.68225,2.1793,94.21223,124.97825,43.78613,59.29119,112.57431,50.07179,334.42669,27.44732,2.7113,296.74647,42.66337,0.01147,39.50778,3.12269,31.95969,9.34264,48.81185,2.31305,63.65359,33.17219,5.01241,219.02656,79.07649,34.23321,30.65748,68.60287,15.90335,175.29515,105.69545,117.5718,23.83164,263.41306,0.03029,9.66947,81.71248,57.65453,15.29668
15.25,52.83941,37.53062,1.87231,0.00294,51.34174,11.52819,280.47917,0.103,19.62693,0.05241,102.2003,31.60135,0.16396,4.12354,32.28114,42.03856,2.46666,50.24218,29.35859,10.09078,60.34096,77.84572,89.8971,42.64174,0.24617,40.62767,11.86855,45.73073,65.96318,44.27497,0.0,0.0,154.27072,206.92742,83.61518,23.94111,28.97037,310.18151,1.93242,0.03722,36.46017,0.01104,110.08567,0.96296,33.61752,25.60194,0.00013,0.40069,20.00805,49.37198,0.00027,57.13321,0.00022,300.24226,1.9721,86.54802,159.5114,39.90255,54.07825,102.63446,45.64261,306.61396,52.49625,17.76471,271.85306,38.83793,0.01054,35.94647,2.82536,29.18404,8.48642,44.74805,2.093,58.11317,30.29547,4.56265,200.48258,72.33946,31.15593,27.99656,62.94869,14.44377,185.7082,96.72692,108.06475,21.64051,241.3058,0.02764,8.81074,74.75401,52.59271,13.93343
15.75,117.06669,34.57063,1.71436,0.00269,47.38285,10.62556,259.47547,0.09757,18.08694,0.05051,130.9687,29.23561,0.15327,3.78604,29.74272,38.72991,2.25799,46.14919,26.94862,9.3022,55.57043,71.87255,83.07278,39.3138,0.22618,37.30443,10.95764,42.14024,60.86564,40.82705,0.0,0.0,142.5126,191.51812,77.2355,22.08399,26.72085,286.8676,1.77,0.03434,33.59381,0.01083,101.68419,0.88192,30.8589,23.56227,0.00012,0.3673,18.41818,45.4799,0.00025,52.65675,0.0002,277.63882,1.80554,80.1675,169.33647,36.70495,49.81399,94.19259,42.04648,283.61529,56.23843,16.31104,251.27282,35.71796,0.00972,33.06646,2.58639,26.92275,7.79293,41.44693,1.91632,53.53555,27.95561,4.18549,185.20032,66.77894,28.66691,25.82373,58.10909,13.26137,171.88908,89.38174,100.16342,19.86621,222.9605,0.02549,8.11532,69.0448,48.44185,12.83007
16.25,108.23889,31.65511,1.55911,0.00245,43.48382,9.73204,238.79426,0.09223,16.57196,0.04865,139.37719,26.90759,0.14277,3.45405,27.24434,35.47481,2.05285,42.12294,24.57831,8.52637,50.8761,65.9922,76.35065,36.03761,0.20653,34.03549,10.05975,38.60575,55.84517,37.43209,0.0,0.0,130.9378,176.34035,70.95219,20.25638,24.50556,263.90719,1.61025,0.03152,30.77395,0.01063,93.41452,0.80227,28.14568,21.55622,0.00011,0.33449,16.85449,41.65105,0.00023,48.24362,0.00018,255.37659,1.64181,73.94761,156.79283,33.55919,45.61904,121.047,38.50877,260.97089,51.84779,14.88808,231.00892,32.6496,0.00891,30.23405,2.35147,24.6979,7.11084,38.18716,1.74265,49.03195,25.65191,26.77407,170.15732,61.30317,26.21895,23.6857,128.26667,12.09842,158.71874,82.15029,92.34589,18.12111,204.8999,0.02337,7.42727,63.42569,44.35669,11.74483
16.75,100.52712,29.3065,1.43829,0.00226,40.34779,12.54887,222.22281,0.08809,15.37564,0.04719,129.63624,25.0603,0.13464,3.19221,25.25621,32.90217,1.89268,38.9473,22.71342,7.91298,47.15292,61.29453,70.9307,33.42095,0.19133,31.45845,9.32792,35.78486,51.80684,34.71199,0.0,0.0,121.69916,164.11313,65.89713,18.80478,22.72649,245.45193,1.48445,0.02934,28.54682,0.01047,86.82468,0.74035,26.01098,19.97874,0.0001,0.30898,15.62429,38.62814,0.00021,44.63751,0.00017,237.4627,1.51412,162.95192,145.97407,31.07413,42.3074,125.02128,35.71561,242.84133,48.10656,13.83085,214.77638,30.23893,0.00822,28.00824,2.16824,22.93732,6.57399,35.4543,1.60731,45.47162,23.80903,24.75469,158.16338,56.90744,24.2942,21.99115,119.19773,11.18336,147.70632,76.36811,85.75233,16.7483,190.46756,0.0217,6.85419,58.9547,41.10886,10.89038
17.25,92.81534,26.95789,1.31747,0.00206,37.21176,12.04082,205.65136,0.08394,14.17933,0.04573,120.35834,23.21302,0.12651,2.93036,23.26808,30.32952,1.73251,35.77165,20.84852,7.2996,43.42973,56.59687,65.51076,30.80429,0.17613,28.8814,8.5961,32.96398,47.76852,31.9919,0.0,0.0,112.46052,151.88591,60.84207,17.35319,20.94743,226.99666,1.35866,0.02715,26.31969,0.01031,80.23483,0.67842,23.87628,18.40127,0.0001,0.28347,14.39408,35.60522,0.00019,41.03141,0.00016,219.54881,1.38644,151.37932,135.15531,28.58907,38.99575,120.12184,32.92245,224.71177,44.36533,12.77362,198.54385,27.82825,0.01063,25.78243,1.985,21.17674,6.03715,32.72144,1.47196,41.91129,21.96614,22.7353,146.16943,52.51172,22.36945,20.29659,110.37722,10.2683,136.69389,70.58593,188.37263,15.37549,176.03521,0.02002,43.24609,54.48371,37.86103,10.03592
17.75,86.30724,25.03532,1.21935,0.00191,34.60643,12.51856,191.83884,0.08058,13.19586,0.04454,112.39586,21.6254,0.11993,2.71133,21.61284,28.2156,1.60212,33.16305,19.3217,6.79507,40.32002,52.68339,61.02378,28.65423,0.16384,26.77023,11.13976,30.63475,44.43875,29.7388,0.0,0.0,104.82601,141.7183,56.65956,16.15664,19.47363,211.65486,1.25625,0.02534,24.48891,0.01018,74.77985,0.62817,22.12853,17.10809,9e-05,0.26278,13.36993,33.12102,0.00018,38.05646,0.00015,204.70721,1.28259,141.15728,126.13214,26.5559,36.27498,112.31839,30.62579,209.57334,41.09871,11.91479,185.11537,25.85474,0.00988,23.95949,1.8359,19.71092,5.59742,30.44701,1.36198,38.98602,20.43479,21.15791,136.25602,48.85885,20.79245,18.90195,102.78743,9.5189,127.54641,65.76367,175.89058,14.25135,164.08968,0.01864,40.18273,50.76673,35.18496,19.21893
18.25,80.09858,23.21874,1.12687,0.00176,32.13313,11.6994,178.7127,0.07741,12.26533,0.04342,104.76062,20.10239,0.11375,2.50295,20.04042,26.2158,1.47913,30.69551,17.87897,6.31762,37.36293,48.965,56.7689,26.62026,0.15227,24.77495,10.37315,28.42785,41.28526,27.60189,0.0,0.0,97.59057,132.06309,52.69413,15.02354,18.07579,197.08763,1.15966,0.02362,22.75674,0.01005,69.60721,0.58082,20.47706,15.88565,8e-05,0.2433,12.39704,30.77083,0.00017,35.23854,0.00014,190.62996,1.18468,131.23856,117.55568,24.63515,33.70122,104.73627,28.45265,195.17904,42.81112,11.10532,172.38448,23.98999,0.01063,22.23679,1.6953,18.31843,5.18186,28.28663,1.2583,36.21874,18.98095,19.69049,126.8602,45.3908,19.30196,17.58192,95.50382,8.81071,118.8629,61.18022,163.70319,13.18907,152.76282,0.01733,37.25899,47.23732,32.65114,57.8702
18.75,74.37558,21.55498,1.04247,0.00163,29.85751,10.93469,166.61396,0.07452,11.41131,0.04239,97.72588,18.69849,0.1081,2.31249,18.60048,24.38124,1.36679,28.43498,16.55759,5.87889,34.64509,45.54641,52.84791,24.7542,0.14173,22.94725,11.17551,26.40148,38.39164,25.63796,0.0,0.0,90.92267,123.15418,49.03773,13.98214,16.78847,183.68847,1.07138,0.02202,21.16761,0.00993,64.84166,0.53762,18.96455,14.74811,8e-05,0.22552,30.26651,28.61407,0.00015,32.65609,0.00013,177.68033,1.09526,122.03456,109.65519,22.8756,31.33973,97.73603,26.45894,181.92859,49.84336,10.35864,160.67439,22.2815,0.00996,20.65834,1.56686,17.03633,4.79924,26.2965,1.16362,33.68013,17.64098,18.34843,118.21592,42.2088,17.93612,16.36367,88.63349,8.16198,110.85664,56.96521,152.41176,12.21621,142.34994,0.01613,34.61783,43.99201,30.3153,53.78907
19.25,97.36145,20.14915,0.97169,0.00152,27.91555,10.2619,156.24937,0.07209,10.6864,0.04152,91.70472,17.49565,0.10338,2.15226,17.38415,22.82558,1.27243,26.52382,15.44102,5.50552,32.33106,42.63385,49.49049,23.17159,0.13292,21.40238,10.50631,24.67982,35.93665,23.96599,0.0,0.0,85.21271,115.50495,45.90293,13.0955,15.68769,172.26084,0.99715,0.02062,19.81995,0.00984,60.76323,0.5014,17.6866,13.75387,8e-05,0.21062,70.93047,26.7838,0.00014,30.47109,0.00012,166.63401,1.02017,114.03694,102.89567,21.38812,29.33652,91.71794,24.7681,170.60881,53.78114,9.71797,150.68725,20.83678,0.00935,19.32339,1.45898,15.94056,4.47224,24.59372,1.08412,31.52748,16.49321,17.21799,110.84015,39.50961,16.78065,15.3172,82.63923,7.61359,103.99352,53.37208,142.63261,11.39428,133.47976,0.0151,32.45363,41.22619,28.31364,50.32458
19.75,105.16957,18.74333,0.90092,0.0014,25.97358,9.58911,145.88478,0.06967,9.9615,0.04065,85.68355,16.2928,0.09865,1.99204,16.16782,21.26993,1.17807,24.61267,14.32445,5.13215,30.01704,39.72129,46.13307,21.58898,0.12412,19.85751,9.8389,22.95817,33.48166,22.29402,0.0,0.0,79.50274,107.85572,42.76814,12.20887,14.58691,160.83322,0.92292,0.01921,18.47228,0.00974,56.68479,0.46519,16.40864,23.59539,7e-05,0.19572,66.08405,24.95353,0.00013,28.2861,0.00011,155.58769,0.94508,106.2132,96.13616,19.90064,27.33332,85.69986,23.07726,159.28903,50.52299,9.0773,140.70011,19.39205,0.00874,17.98843,1.3511,14.84478,4.14525,22.89093,1.00462,29.37484,15.34544,16.08756,103.46438,36.81043,15.62517,14.27072,108.44022,7.0652,97.1304,49.77894,132.85346,10.57236,124.60958,0.01408,30.28943,38.46037,26.31197,46.86009
20.25,99.1735,17.5834,0.84297,0.00131,24.35969,9.02666,137.24643,0.06767,9.36067,0.03993,80.64212,15.28823,0.09479,1.86049,15.16387,19.98109,1.10069,23.03532,13.40379,4.82263,28.10533,37.30836,43.3364,20.2776,0.11694,18.58311,9.26788,21.5203,31.44805,20.90782,0.0,0.0,74.75135,101.47455,40.17037,11.46668,13.67902,151.31641,0.86204,0.01804,17.35502,0.00965,53.28985,0.43558,15.35425,78.01798,7e-05,0.18354,62.07386,23.43792,0.00013,26.48158,0.00011,146.38279,0.88353,139.76569,90.46909,18.67265,25.67411,80.66862,21.67676,149.85789,47.65029,8.52958,132.36163,18.19936,0.00823,16.8852,1.26265,13.92544,3.87299,21.47295,0.93953,27.591,14.3904,15.13501,97.29548,34.5742,14.61378,13.39905,107.76258,6.61302,91.39006,46.76982,124.19739,9.89418,117.1896,0.01323,28.50076,36.14716,24.645,44.04835
20.75,93.50007,16.49457,0.78874,0.00122,22.84066,8.49612,129.10724,0.0658,8.79572,0.03925,75.88399,14.341,0.09118,1.73723,14.22132,18.7694,1.02823,21.55448,12.53979,4.53158,26.30995,35.03991,40.70189,19.04465,0.11022,17.38691,8.72472,20.16449,29.5363,19.60425,0.0,0.0,70.27714,95.46006,37.72789,10.76626,12.82691,142.35213,0.80502,0.01693,16.30438,0.00957,50.09254,0.40787,14.36451,73.20241,6e-05,0.17214,58.30548,22.01329,0.00012,24.78709,0.0001,137.71035,0.8259,131.34529,85.1179,17.51969,24.11437,75.92274,20.36022,140.97288,44.87381,8.00873,124.49987,17.07955,0.00775,15.84898,1.17981,13.05712,3.61656,20.13731,0.8786,25.9138,13.49109,14.2339,91.47554,32.47185,13.70182,12.57793,110.45378,6.18866,85.97438,43.92957,143.91441,9.25756,110.18896,0.01242,26.82068,33.96482,23.07481,41.42536
21.25,87.8269,15.4058,0.73451,0.00114,21.32172,7.9656,120.96847,0.06394,8.23079,0.03858,71.1261,13.39382,0.08756,1.61398,13.27882,17.55777,0.95577,20.07372,11.67584,4.24054,24.51467,32.77158,38.06751,17.81177,0.10351,16.19078,8.1816,18.80874,27.62464,18.30075,0.0,0.0,65.80315,89.44587,35.28554,10.06587,11.97484,133.3883,0.74801,0.01582,15.2538,0.00949,46.89539,0.38016,13.37482,68.38712,6e-05,0.16075,54.5373,20.58873,0.00011,23.09268,0.0001,129.03835,0.76827,142.62808,79.76699,16.36679,22.55471,71.1771,19.04375,132.08833,42.09747,7.4879,116.63851,15.95979,0.00727,14.81278,1.09698,12.18884,3.36015,18.80175,0.81767,24.23669,12.59183,13.33283,85.6559,30.36961,82.07891,11.75684,104.1387,5.76432,80.55898,41.08947,154.18782,8.62098,103.18868,0.01162,25.14068,31.78259,21.50471,38.80251
21.75,83.24079,14.5605,0.69297,0.00107,20.13769,7.54686,114.57817,0.0625,7.78856,0.03805,67.37281,12.65166,0.08479,1.5193,12.54812,16.61271,0.90012,18.92644,11.00675,4.01068,23.12134,31.00245,36.01189,16.85053,0.09839,15.26425,7.75312,17.74403,26.13391,17.27581,0.0,0.0,62.27366,84.72157,33.38059,9.51444,11.31357,126.32056,0.70418,0.01494,14.43446,0.00943,44.3686,0.35895,12.60839,64.70933,6e-05,0.15201,51.63235,19.47785,0.0001,21.77384,9e-05,122.1762,0.72404,135.24668,75.55634,15.4716,21.33765,67.42651,18.01746,125.11158,39.89491,7.07701,110.42752,15.07297,0.00688,13.94036,1.03341,11.51273,3.16288,17.7576,0.77093,22.92897,11.89517,12.60549,81.08833,28.73024,77.52346,11.10305,98.72515,5.42583,76.30552,38.87107,167.56356,8.12819,97.69627,0.01099,23.79352,30.06705,20.28462,36.75195
22.25,78.65467,13.7152,0.65142,0.001,18.95367,7.12812,108.18788,0.06106,7.34633,0.03752,63.61953,11.90949,0.08202,1.42463,11.81742,15.66765,0.84447,17.77915,10.33765,3.78082,21.72801,29.23332,33.95628,15.88929,0.09327,14.33773,7.32464,16.67932,24.64318,16.25087,0.0,0.0,58.74417,79.99726,31.47563,8.963,10.65229,119.25281,0.66035,0.01407,13.61511,0.00936,41.8418,0.33774,11.84195,61.03154,6e-05,0.14327,48.72739,18.36696,0.0001,20.455,9e-05,115.31405,0.6798,127.90126,71.34569,14.57642,20.1206,63.67592,16.99118,118.13484,37.69235,6.66613,104.21653,14.18616,0.0065,82.50082,0.96984,10.83663,2.96561,16.71344,0.7242,21.62125,11.19851,11.87816,76.52075,27.09087,72.96802,10.44926,93.3116,5.08734,72.05207,36.65266,158.71663,7.63541,92.20385,0.01036,22.44637,28.35151,19.06453,34.7014
22.75,74.10059,12.87617,0.6102,0.00094,17.77808,6.71232,101.84253,0.05963,6.90715,0.037,59.89295,11.17271,0.07928,1.33068,11.09213,14.72948,0.78925,16.64044,9.67359,3.55259,20.34497,27.4771,31.91567,14.93507,0.08819,13.41814,6.89916,15.6225,23.16332,15.23324,0.0,0.0,55.23968,75.30664,29.58458,8.4154,9.99596,112.23463,0.61686,0.0132,12.80158,0.0093,39.33328,0.31669,11.08128,57.38098,5e-05,0.13459,45.84305,17.2642,9e-05,19.14602,8e-05,108.50083,0.63591,120.60475,67.16502,13.6866,18.91241,59.95193,15.97237,111.20637,35.50528,6.25817,98.04986,13.35188,0.00613,77.61687,0.90676,10.16557,2.76985,15.67695,0.67783,20.32305,10.50704,11.15596,71.98491,25.46346,68.45023,9.80035,87.93539,4.75144,67.82892,34.45043,150.1677,7.14613,86.74991,0.00973,21.10814,26.64847,17.85349,32.66413
23.25,70.47825,12.21942,0.57835,0.00089,16.84798,6.38212,96.80422,0.05851,6.55668,0.03658,56.94311,10.59252,0.07715,1.25781,10.52458,13.9917,0.74649,15.75101,9.15589,3.37184,19.26101,26.09613,30.31116,14.185,0.08427,12.70023,6.56108,14.79518,21.99959,14.42831,0.0,0.0,52.46231,71.59538,28.09768,7.9792,9.4833,106.65781,0.58317,0.01252,12.15713,0.00925,37.35611,0.30044,10.48794,54.52226,5e-05,0.1278,43.55816,16.39779,9e-05,18.12386,8e-05,103.11066,0.60194,114.73093,63.85639,12.95243,17.96213,57.00146,15.17122,105.68188,33.76867,5.93541,93.17204,78.09278,0.00583,73.67198,0.85792,9.64115,2.61804,14.86319,0.64196,19.30184,9.96667,10.58305,68.37202,24.18371,65.02746,9.2934,83.64494,4.49095,64.48718,32.71855,142.87823,6.75879,82.41501,0.00923,20.02922,25.30881,16.90541,31.01328
23.75,66.8559,11.56268,0.5465,0.00084,15.91788,6.05192,91.76591,0.05739,6.2062,0.03616,53.99327,10.01233,0.07502,1.18495,9.95703,13.25393,0.70372,14.86158,8.63818,3.19108,18.17705,24.71517,28.70666,13.43493,0.08036,11.98231,6.22299,13.96787,20.83586,13.62338,0.0,0.0,49.68493,67.88412,26.61078,7.543,8.97064,101.08099,0.54948,0.01184,11.51268,0.00919,35.37893,0.28418,9.8946,51.66354,5e-05,0.121,41.27326,15.53138,8e-05,17.10169,8e-05,97.72049,0.56798,108.85711,60.54775,12.2371,17.01185,54.05099,14.37007,100.1574,32.03206,5.61265,88.29421,73.79614,0.00552,69.7271,0.80908,9.11673,2.46623,14.04943,0.6061,18.28062,9.42629,10.01014,64.75913,22.90395,61.60469,8.78644,79.3545,4.23046,61.14544,30.98667,135.58877,6.37146,78.08011,0.00873,18.9503,23.96915,15.95734,29.36243
24.25,63.23355,10.90593,0.51465,0.00079,14.98778,5.72172,86.7276,0.05627,5.85573,0.03574,51.04343,9.43213,0.07289,1.11209,9.38948,12.51615,0.66096,13.97215,8.12048,3.01033,17.09309,23.33421,27.10216,12.68485,0.07645,11.2644,5.88491,13.14055,19.67213,12.81845,0.0,0.0,46.90756,64.17286,25.12388,7.1068,8.45798,95.50417,0.51578,0.01115,10.86823,0.00914,33.40176,0.26793,9.30125,48.80482,5e-05,0.1142,38.98837,14.66496,8e-05,16.07953,7e-05,92.33032,0.53401,102.98329,57.23911,70.6367,16.06158,51.10052,13.56893,94.63292,30.29545,5.28989,83.41638,69.67378,0.00522,65.78221,0.76024,8.59231,2.31442,13.23567,0.57024,17.2594,8.88592,9.43723,61.14624,21.62419,58.18192,8.27949,75.06405,3.96997,57.8037,29.2548,128.2993,5.98413,73.74521,0.00823,17.87139,22.62949,15.00927,27.71158
24.75,60.27306,10.33316,0.4892,0.00074,14.22985,5.45234,82.607,0.05536,5.56956,0.0354,48.63726,8.96229,0.07117,1.05374,8.92859,11.91139,0.62674,13.25517,7.70185,2.86183,16.2178,22.21324,25.79982,12.07534,0.07333,10.68589,5.60837,12.47181,18.72735,12.16754,0.0,0.0,44.65205,61.12739,23.91633,6.75474,8.04363,90.95707,0.4888,0.0106,10.34017,0.0091,31.79651,0.25495,8.82321,46.45801,5e-05,0.10879,37.09225,13.96158,8e-05,15.25472,7e-05,87.92189,0.50683,98.17833,54.53907,66.99299,15.29068,48.69324,12.91753,90.13322,28.8747,5.02764,79.41914,66.33152,0.00498,62.63299,0.72116,8.16909,2.19273,12.57185,0.54155,16.4304,8.44921,8.9707,58.20688,20.58534,55.39339,7.87035,71.55698,3.76106,55.06934,27.84868,122.31724,5.66982,70.20302,0.00782,16.99095,21.54169,14.243,26.35327
25.25,57.41895,13.45219,0.46477,0.00071,13.49958,5.19274,78.63389,0.05449,5.29374,0.03507,46.31845,8.51018,0.06953,0.99772,8.48483,11.328,0.59389,12.56589,7.29914,2.71852,15.37604,21.13406,24.54603,11.48841,0.07034,10.12979,5.34171,11.82855,17.81776,11.54139,0.0,0.0,42.48042,58.18892,22.75369,6.41621,7.64508,86.57547,0.46289,0.01007,9.83081,0.00905,30.25103,0.24249,8.3637,44.19348,5e-05,0.1036,35.25862,13.28441,7e-05,14.46163,7e-05,83.67124,0.48074,93.54514,51.93683,63.72293,14.54862,46.37326,12.29019,85.79822,27.50471,4.77511,75.56341,63.11463,0.00474,59.61164,0.68364,7.76214,2.07587,11.93213,0.51402,15.6323,8.02916,8.52127,55.37577,19.58521,52.7068,7.47694,68.17581,3.56044,52.43259,26.49491,116.5453,5.36724,66.78822,0.00743,16.14241,20.49436,13.50595,25.04197
25.75,54.56483,55.93804,0.44034,0.00067,12.76931,4.93313,74.66078,0.05362,5.01791,0.03474,43.99965,8.05807,0.06789,0.9417,8.04107,10.74461,0.56104,11.87662,6.89643,2.57521,14.53429,20.05489,23.29225,10.90148,0.06734,9.57368,5.07506,11.18528,16.90817,10.91524,0.0,0.0,40.30879,55.25045,21.59104,6.07768,7.24653,82.19387,0.43698,0.00953,9.32145,0.00901,28.70556,0.23004,7.90418,41.92894,4e-05,0.09841,33.42499,12.60723,7e-05,13.66854,7e-05,79.42059,0.45464,88.91196,49.33459,60.45286,13.80655,44.05327,11.66286,81.46322,26.13472,4.52259,71.70768,59.89774,0.0045,56.59029,0.64613,7.35518,1.95902,11.29241,0.48649,14.8342,7.60911,8.07185,52.54466,18.58507,50.02021,7.08352,64.79464,3.35983,49.79584,25.14114,110.77336,5.06466,63.37343,0.00703,15.29388,19.44704,12.7689,23.73068
26.25,51.95837,53.30033,0.41843,0.00063,12.10868,4.69639,71.03393,0.05284,4.76503,0.03444,41.8787,7.64738,0.06641,0.89121,7.63653,10.2115,0.53144,11.25457,6.53031,2.44446,13.7744,19.0705,22.14819,10.36659,0.06466,9.07191,4.83182,10.60395,16.07848,10.34929,0.0,0.0,38.3269,52.57039,20.53067,5.76916,6.87619,78.17771,0.41362,0.00905,8.85518,0.00897,27.29479,0.21887,7.48971,39.86165,4e-05,0.09378,31.76082,11.98793,7e-05,12.95311,6e-05,75.52776,0.43116,84.68305,46.95246,57.50902,13.13019,41.93533,11.08813,77.49679,24.8841,4.2945,68.18412,56.988,0.00429,53.84235,0.61233,6.98353,1.85375,10.71179,0.46176,14.10688,7.22543,7.66564,49.96024,17.67278,47.57189,6.72467,61.70535,3.17914,47.38662,23.90573,105.51725,4.79219,60.25556,0.00668,14.52637,18.4912,12.10299,22.5432
26.75,49.63006,50.94223,0.39933,0.0006,11.52626,4.48533,67.79598,0.05215,4.53791,0.03418,39.97996,7.28322,0.06512,0.84692,43.01879,9.73486,0.5055,10.70802,6.20527,2.32781,13.10644,18.1926,21.12737,9.89014,0.06234,8.63116,4.61488,10.09215,15.33852,9.85096,0.0,0.0,36.55812,50.18055,19.58516,5.49434,6.53753,74.57199,0.39314,0.00863,8.4373,0.00893,26.03531,0.20915,7.12583,38.01588,4e-05,0.08977,30.28697,11.43365,6e-05,12.32489,6e-05,72.03682,0.4106,80.9082,44.81756,54.93158,12.52763,40.04433,10.57247,73.94432,23.76754,4.09387,65.03363,54.42325,0.0041,51.40147,0.58272,6.65154,1.76148,10.19754,0.44017,13.45907,6.88259,7.30796,47.6529,16.85916,45.39119,6.40466,58.94388,3.02083,45.23296,22.80324,100.84049,4.55354,57.47119,0.00636,13.84986,17.63812,11.51698,21.49478
27.25,47.30175,48.58412,0.38024,0.00057,10.94384,4.27426,64.55804,0.05146,4.31079,0.03391,38.08123,6.91906,0.06384,0.80262,40.95896,9.25822,0.47956,10.16146,5.88024,2.21116,12.43849,17.31469,20.10654,9.41369,0.06001,8.19041,4.39794,9.58036,14.59856,9.35263,0.0,0.0,34.78933,47.79072,18.63966,5.21951,6.2053,70.96627,0.37266,0.0082,8.01943,0.0089,24.77583,0.19943,6.76195,36.17012,4e-05,0.08576,28.81312,10.87937,6e-05,11.69667,6e-05,68.54587,0.39004,77.13336,42.68265,52.35413,11.92507,38.15332,10.05682,70.39185,22.65098,3.89323,61.88315,51.85849,0.0039,48.9606,0.55311,6.31956,1.66922,9.68329,0.41858,12.81126,6.53976,6.95029,45.34556,16.04553,43.21048,6.08464,56.18241,2.86251,43.0793,21.70075,96.16373,4.31489,54.68682,0.00604,13.17336,16.78504,10.93097,20.44637
27.75,44.97344,46.22602,0.36114,0.00054,10.36141,4.0632,61.32009,0.05077,4.08367,0.03365,36.18249,6.55491,0.06255,0.75833,38.98504,8.78157,0.45362,9.61491,5.5552,2.09451,11.77054,16.43678,19.08572,8.93724,0.05768,7.74966,4.181,9.06857,13.8586,8.8543,0.0,0.0,33.02054,45.40089,17.69415,4.94469,21.15669,67.36055,0.35217,0.00778,7.60155,0.00886,23.51635,0.1897,6.39806,34.32436,4e-05,0.08176,27.33927,10.32509,6e-05,11.06844,6e-05,65.05493,0.36949,73.35851,40.54775,49.77669,11.32251,36.26231,9.54116,66.83938,21.53441,3.6926,58.73266,49.29374,0.00371,46.51972,0.5235,5.98757,1.57696,9.16905,0.39699,12.16345,6.19693,6.59261,43.03822,15.23191,41.02978,5.76463,53.42094,2.7042,40.92563,20.59825,91.48698,4.07624,51.90246,0.00572,12.49686,15.93196,10.34496,19.39795
28.25,43.057,44.28774,0.34578,0.00051,9.88723,3.88818,58.63437,0.0502,3.89834,0.03342,34.61972,6.25617,0.0615,0.7226,37.31372,8.38651,0.43271,9.17164,5.29275,1.99946,11.22846,15.71672,18.24912,8.54668,0.05581,7.39218,4.00257,8.65181,13.25257,8.44876,0.0,0.0,31.56992,43.42453,16.91871,4.72062,33.06936,64.3964,0.33566,0.00743,7.25765,0.00883,22.48364,0.18181,6.09793,32.81232,4e-05,0.07854,26.13294,9.86838,6e-05,10.5583,6e-05,62.19186,0.35292,70.24038,38.79579,47.63892,10.82319,34.69701,9.11636,63.9,20.61627,3.52875,56.14841,47.17278,0.00355,44.48921,0.49963,5.71487,1.5025,8.75018,0.3796,11.63012,5.89499,6.30042,41.14619,14.56519,39.2271,5.50361,51.14699,2.57639,39.15353,19.69472,87.60686,3.88359,49.61931,0.00546,11.94383,15.23276,9.86885,18.54095
28.75,41.21525,42.4256,0.33109,0.00049,9.43268,3.7197,56.0488,0.04965,3.72059,0.03321,33.11788,5.9693,0.0605,0.68843,35.69729,8.00623,0.41271,8.7471,5.04165,1.90833,10.7092,15.02529,17.44594,8.1717,0.05402,7.04979,3.83112,8.25228,12.67083,8.06005,0.0,0.0,30.17699,41.52316,16.17412,4.50576,31.66869,61.54861,0.31986,0.00709,6.92716,0.0088,21.49205,0.17425,5.80936,31.36081,4e-05,0.07547,24.97514,9.42937,5e-05,10.06958,5e-05,59.44265,0.33707,67.24134,37.11329,45.58089,10.34259,33.19078,8.70803,61.07183,19.73411,3.37157,53.66685,45.1323,0.0034,42.53313,0.47681,5.45294,1.43127,8.34862,0.36298,11.11755,5.61528,6.02011,39.32948,13.92512,37.49298,5.25328,48.96147,2.4541,37.45064,18.82727,83.87123,3.69929,47.42708,0.00521,11.41319,14.56146,9.41268,17.71867
29.25,39.3735,40.56346,0.31641,0.00046,8.97813,3.55122,53.46323,0.04911,3.54284,0.03299,31.61604,5.68243,0.0595,0.65426,34.08086,7.62596,0.3927,8.32257,4.79055,1.81719,10.18995,14.33386,16.64275,7.79672,0.05223,6.70741,3.65967,7.85275,12.08909,7.67134,0.0,0.0,28.78407,39.6218,15.42952,4.2909,30.26803,58.70082,0.30406,0.00675,6.59667,0.00877,20.50046,0.16669,5.52078,29.9093,4e-05,0.0724,23.81734,8.99035,5e-05,9.58086,5e-05,56.69345,0.32123,64.24231,35.43078,43.52286,9.862,31.68455,8.2997,58.24365,18.85195,3.2144,51.18529,43.09182,0.00325,40.57705,0.45398,5.191,1.36004,7.94705,0.34635,10.60497,31.29736,5.73979,37.51276,13.28506,35.75885,5.00296,46.77594,2.33182,35.74775,17.95982,80.1356,3.51498,45.23484,0.00496,10.88255,13.89016,8.9565,16.89639
29.75,37.53175,38.70133,0.30172,0.00044,8.52357,3.38273,50.87765,0.04857,3.36509,0.03278,30.1142,5.39556,0.0585,0.62009,32.46442,7.24569,0.3727,7.89803,4.53946,1.72606,9.67069,13.64243,15.83957,7.42174,0.05044,6.36502,3.48822,7.45323,11.50735,7.28262,0.0,0.0,27.39114,37.72043,14.68492,4.07604,28.86736,55.85302,0.28826,0.00641,6.26619,0.00874,19.50886,0.15913,5.23221,28.45779,4e-05,0.06933,22.65953,8.55134,5e-05,9.09213,5e-05,53.94425,0.30539,61.24327,33.74828,41.46483,9.3814,30.17833,7.89137,55.41547,17.96979,3.05722,48.70373,41.05134,0.00309,38.62097,0.43116,4.93684,1.2888,7.54548,0.32972,10.0924,29.90913,5.45948,35.69605,12.64499,34.02473,4.75263,44.59041,2.20954,34.04485,17.09238,76.39997,3.33068,43.0426,0.00472,10.35191,13.21886,8.50032,16.07411
30.25,36.07891,37.15382,0.2904,0.00042,8.16948,3.25019,48.84545,0.04813,3.2271,0.0326,28.93231,5.17183,0.05771,0.59376,31.19859,6.94842,0.3573,7.56792,4.3455,1.65531,9.26675,13.10138,15.21067,7.12512,0.04906,6.09517,3.35153,7.14221,11.04998,6.97905,0.0,0.0,26.30148,36.21241,14.10202,3.90929,27.73853,53.62479,0.27609,0.00615,6.00909,0.00871,18.73318,0.15332,5.00839,27.31791,4e-05,0.06697,21.75012,8.20371,5e-05,8.71204,5e-05,51.79365,0.29319,58.8808,32.41489,39.82195,9.00434,28.99631,7.56829,53.20351,17.26945,2.93097,46.76268,39.40895,0.00297,37.07387,0.4136,9.51108,1.23391,7.23228,0.31691,9.68778,28.73295,5.23948,34.27465,12.14409,32.6622,4.54775,42.8691,2.11522,32.68954,16.4131,73.45411,3.18837,41.32861,0.00452,9.9354,12.69339,8.14536,15.42801
30.75,34.63732,35.61541,0.27918,0.0004,7.81829,3.11868,46.82925,0.04769,3.09026,0.03243,27.75967,4.94993,0.05692,0.56766,29.9429,6.65356,0.34204,7.24053,4.1532,1.58515,8.86614,12.56467,14.58681,6.83076,0.04769,5.82743,3.21584,6.83376,10.59621,6.67793,0.0,0.0,25.22058,34.71577,13.52379,3.74393,26.61755,51.41448,0.26403,0.00588,5.75411,0.00869,17.96373,0.14756,4.78644,26.18704,3e-05,0.06463,20.84788,7.85873,5e-05,8.33509,5e-05,49.66035,0.28109,56.53673,31.0916,38.19107,8.63026,27.82367,7.24766,51.00937,16.57436,2.80562,44.83725,37.77807,0.00285,35.5386,0.39619,26.16859,1.17949,6.92163,0.30421,9.28628,27.56201,5.02122,32.86469,11.64722,31.31042,4.34418,41.1612,2.02171,31.34428,15.73926,70.53108,3.04728,39.62844,0.00433,9.52219,12.17214,7.79333,14.787
31.25,33.19572,34.077,0.26795,0.00039,7.4671,2.98717,44.81304,0.04726,2.95341,0.03225,26.58703,4.72803,0.05614,0.54156,28.68721,6.3587,0.32677,6.91315,3.9609,1.51499,8.46553,12.02797,13.96294,6.53641,0.04632,5.55968,3.08016,6.5253,10.14243,6.37682,0.0,0.0,24.13969,33.21913,12.94555,3.57857,25.49658,49.20416,0.25197,0.00562,5.49913,0.00866,17.19428,0.1418,4.56449,25.05616,3e-05,0.06228,19.94565,7.51374,5e-05,7.95815,5e-05,47.52705,0.269,54.19266,29.76831,36.56019,8.25618,26.65103,6.92704,48.81523,15.87928,2.68027,42.91183,36.14719,0.00273,34.00333,0.37877,25.10152,1.12507,6.61097,0.29152,8.88477,26.39106,4.80297,31.45472,11.15036,29.95864,4.15364,39.45331,1.92821,29.99901,15.06542,67.60806,2.90618,37.92827,0.00414,9.10897,11.65089,7.44129,14.146
31.75,31.75413,32.53859,0.25673,0.00037,7.11592,2.85566,42.79684,0.04683,2.81657,0.03208,25.4144,4.50613,0.05536,0.51546,27.43152,6.06384,0.31151,6.58577,3.7686,1.44483,8.06492,11.49126,13.33908,6.24205,0.04495,5.29193,2.94447,6.21685,9.68866,6.0757,0.0,0.0,23.0588,31.72249,12.36732,3.41322,24.37561,46.99384,0.2399,0.00536,5.24416,0.00863,16.42484,0.13604,4.34254,23.92529,3e-05,0.05994,19.04342,7.16876,4e-05,7.5812,5e-05,45.39375,0.25691,51.84859,28.44501,34.92931,7.88211,25.4784,6.60642,46.62109,15.18419,2.55491,40.9864,34.51631,0.00261,32.46806,0.36136,24.05325,1.07065,6.30032,0.27882,8.48327,25.22011,4.58471,30.04475,10.65349,28.60686,22.85144,37.74541,1.8347,28.65375,14.39158,64.68503,2.76509,36.2281,0.00395,8.69576,11.12963,7.08926,13.505
32.25,30.56221,31.26854,0.24764,0.00035,6.83018,2.74796,41.15369,0.04646,2.70576,0.03193,24.44366,4.32589,0.05471,0.49447,26.40299,5.82485,0.29923,6.31849,3.61361,1.38804,7.74019,11.05302,12.83037,6.00144,0.04385,5.07403,2.8336,5.96668,9.3165,5.83137,0.0,0.0,22.17789,30.50322,11.89636,3.2677,23.45734,45.1936,0.23021,0.00514,5.03765,0.00861,15.79764,0.13141,4.1636,23.00121,3e-05,0.05806,18.30648,6.88687,4e-05,7.27586,5e-05,43.65496,0.24719,49.91951,27.35344,33.58131,7.5731,24.51197,6.34592,44.83241,14.61313,2.4526,39.41792,33.18143,0.00251,31.21335,0.34736,23.15446,1.02686,6.04796,0.26861,8.15379,24.26784,4.40229,28.89608,10.24536,27.50219,21.9517,36.33351,1.75944,27.55282,13.8425,62.28918,2.65144,34.84207,0.00379,8.35755,10.70495,6.80387,12.98175
32.75,29.42145,30.05348,0.239,0.00034,6.55785,2.64513,39.58698,0.04612,2.60029,0.03178,23.51429,4.15417,0.0541,0.47453,25.421,5.59731,0.28758,6.06353,3.46627,1.334,7.431,10.63495,12.34524,5.77184,0.04279,4.86633,2.72781,5.72846,8.96106,5.59868,0.0,0.0,21.33796,29.34077,11.44737,3.13405,22.58059,43.47738,0.221,0.00494,4.84107,0.00859,15.1996,0.12702,3.99347,22.1195,3e-05,0.05627,17.60341,6.61791,4e-05,6.98519,4e-05,41.99701,0.23795,48.07545,26.30934,32.29126,7.27742,23.5878,6.09773,43.1268,14.06748,2.35502,37.92258,31.90719,0.00242,30.01613,0.33405,22.2863,0.98524,5.80755,0.2589,7.83907,23.36038,4.22721,27.80094,9.85541,26.44816,21.1474,34.98226,1.68791,26.50194,13.31898,60.00133,2.54342,33.5204,0.00364,8.0347,10.30005,6.53212,12.48262
33.25,28.28069,28.83841,0.23035,0.00033,6.28552,2.5423,38.02026,0.04577,2.49482,0.03163,22.58493,3.98246,0.05348,0.45459,24.43901,5.36976,0.27592,5.80857,3.31892,1.27995,7.12181,10.21688,11.86012,5.54225,0.04174,4.65864,2.62203,5.49023,8.60562,5.36599,0.0,0.0,20.49803,28.17833,10.99838,17.15545,21.70385,41.76115,0.21179,0.00473,4.64449,0.00856,14.60155,0.12262,3.82333,21.23778,3e-05,0.05448,16.90035,6.34894,4e-05,6.69452,4e-05,40.33905,0.22872,46.2314,25.26524,31.00121,6.98173,22.66363,5.84955,41.42119,13.52183,2.25743,36.42723,30.63295,0.00232,28.8189,0.32075,21.41813,0.94363,5.56713,0.2492,7.52435,22.45292,4.05214,26.70579,9.46546,25.39412,20.3431,33.63101,1.61638,25.45107,12.79547,57.71348,2.4354,32.19873,0.00349,7.71184,9.89514,6.26038,11.98349
33.75,27.13993,27.62334,0.22171,0.00031,6.01319,2.43947,36.45355,0.04542,2.38935,0.03149,21.65556,3.81075,0.05287,0.43465,23.45701,5.14222,0.26426,5.55361,3.17158,1.22591,6.81263,9.79881,11.375,5.31265,0.04069,4.45095,2.51624,5.25201,8.25018,5.1333,0.0,0.0,19.65809,27.01589,10.5494,16.50378,20.8271,40.04493,0.20258,0.00453,4.44791,0.00854,14.0035,0.11823,3.6532,20.35607,3e-05,0.05269,16.19728,6.07998,4e-05,6.40386,4e-05,38.68109,0.21948,44.38734,24.22114,29.71117,6.68605,21.73945,5.60136,39.71558,12.97618,2.15984,34.93189,29.35871,0.00223,27.62168,0.30744,20.54997,0.90201,5.32672,0.23949,7.20963,21.54546,3.87706,25.61065,9.0755,24.34008,19.5388,32.27975,1.54486,24.40019,12.27195,55.42563,2.32737,30.87707,0.00334,7.38899,9.49024,5.98864,11.48437
34.25,26.10007,26.52072,0.21386,0.0003,5.76566,2.34514,35.02702,0.0451,2.29357,0.03135,20.80785,3.65462,0.0523,0.4166,22.55422,4.93556,0.25371,5.3211,3.03806,1.17553,6.5318,9.41683,10.93303,5.10244,0.03973,4.26274,2.41968,5.0356,7.92561,4.92188,0.0,0.0,18.89299,25.95755,10.1392,15.90842,20.02572,38.48186,0.19424,0.00434,4.26939,0.00852,13.45888,0.11425,3.49906,19.55231,3e-05,0.05107,15.55657,5.83543,4e-05,6.13935,4e-05,37.17155,0.21112,42.69933,23.27043,28.53542,6.41713,20.89323,5.37594,38.16276,12.47885,2.07112,33.57003,28.1976,0.00215,26.53031,0.2954,19.75822,0.86433,5.10809,0.2307,6.92214,20.71764,3.71779,24.61328,8.71978,23.37927,18.79822,31.04618,1.48007,23.44331,11.79516,53.32617,2.22953,29.67333,0.00321,7.09172,9.1214,5.74182,11.028
34.75,25.2102,25.58521,0.2072,0.00029,5.55498,2.26344,33.80883,0.04481,2.21218,0.03123,20.08149,3.52167,0.05181,0.40136,21.76914,4.75993,0.2448,5.12196,2.9251,1.1306,6.29313,9.08847,10.55519,4.92104,0.03892,4.10349,2.33684,4.85163,7.64695,4.74209,0.0,0.0,18.23911,25.05394,9.78665,15.36249,19.33634,37.14641,0.1872,0.00418,4.11769,0.0085,12.99366,0.11089,3.36868,18.86441,3e-05,0.04971,15.00853,5.62716,4e-05,5.91374,4e-05,35.88258,0.20406,41.24325,22.45851,27.52956,6.18799,20.16287,5.18436,36.83703,12.05335,1.99559,32.40655,27.20463,0.00207,25.59628,0.28524,19.08004,0.8325,4.92186,0.22327,6.67513,20.00819,3.58203,23.76123,8.41491,22.557,18.15237,29.98749,1.42531,22.62611,11.38783,51.5067,2.14682,28.64486,0.01747,6.83244,8.80617,5.53202,10.63518
35.25,24.32032,24.6497,0.20054,0.00028,5.3443,2.18174,32.59063,0.04453,2.1308,0.03111,19.35514,3.38872,0.05132,0.38611,20.98405,4.5843,0.23589,4.92281,2.81213,1.08733,6.05445,8.76011,10.17735,4.73964,0.03811,3.94423,2.254,4.66765,7.36828,4.5623,0.0,0.0,17.58522,24.15033,9.4341,14.81657,18.64696,35.81096,0.18016,0.00403,3.966,0.00848,12.52844,0.10753,3.23831,18.17651,3e-05,0.04834,14.46049,5.41889,4e-05,5.68812,4e-05,34.59361,0.19699,39.78716,21.6466,26.52369,5.95884,19.4325,4.99278,35.5113,11.62785,1.92006,31.24308,26.21165,0.002,24.66225,0.27508,18.40186,0.80068,4.73562,0.21585,6.42811,19.29874,3.44627,22.90917,8.11005,21.73473,17.50651,28.92881,1.37055,21.80891,10.9805,49.68723,2.06411,27.61639,0.01684,6.57317,8.49093,5.32223,10.24237
35.75,23.43044,23.71418,0.19388,0.00027,5.13362,2.10004,31.37244,0.04425,2.04942,0.03099,18.62879,3.25576,0.05084,0.37087,20.19897,4.40867,0.22698,4.72367,2.69916,2.17311,5.81578,8.43175,9.79951,4.55824,0.0373,3.78497,2.17116,4.48368,7.08961,4.38251,0.0,0.0,16.93134,23.24672,9.08155,14.27064,17.95758,34.47551,0.17312,0.00387,3.81431,0.00845,12.06322,0.10417,3.10793,17.48861,3e-05,0.04697,13.91245,5.21061,4e-05,5.4625,4e-05,33.30464,0.18993,38.33108,20.83468,25.51783,5.7297,18.70213,4.8012,34.18557,11.20235,1.84453,30.07961,25.21867,0.00192,23.72822,0.26492,17.72367,0.76885,4.54938,0.20842,6.18109,18.58929,3.3105,22.05711,7.80518,20.91246,16.86065,27.87013,1.31579,20.99171,10.57317,47.86775,1.98139,26.58792,0.01625,6.3139,8.17569,5.11244,9.84955
36.25,22.54057,22.77867,0.18722,0.00026,4.92294,2.01834,30.15425,0.04396,1.96804,0.03087,17.90244,3.12281,0.05035,0.35563,19.41388,4.23304,0.21807,4.52452,2.58619,5.63284,5.57711,8.10339,9.42167,4.37685,0.03649,3.62572,2.08832,4.2997,6.81094,4.20271,0.0,0.0,16.27745,22.34311,8.729,13.72471,17.2682,33.14006,0.16608,0.00371,3.66261,0.00843,11.598,0.10081,2.97756,16.80071,3e-05,0.04561,13.36441,5.00234,3e-05,5.23688,4e-05,32.01567,0.18287,36.87499,20.02276,24.51196,5.50055,17.97177,4.60962,32.85984,10.77685,1.769,28.91613,24.2257,0.00185,22.79418,0.25476,17.04549,0.73703,4.36315,0.20099,5.93407,17.87984,3.17474,21.20505,7.50032,20.09019,16.21479,26.81145,1.26103,20.17451,10.16584,46.04828,1.89868,25.55944,0.01566,6.05462,7.86045,4.90265,9.45673
36.75,21.77849,21.98087,0.18161,0.00025,4.7443,1.94854,29.11677,0.04371,1.89466,0.03076,17.28374,3.00984,0.04992,0.34278,18.73991,4.08411,0.21056,4.35639,2.49088,5.44875,5.37449,7.82303,9.0978,4.22232,0.0358,3.49129,2.01674,4.14373,6.57153,4.05025,0.0,0.0,15.72042,21.57319,8.42778,13.2571,16.67178,32.00242,0.16015,0.00358,3.52985,0.00841,11.20145,0.09798,2.86749,16.2143,3e-05,0.04445,12.892,4.82575,3e-05,5.04362,4e-05,30.91762,0.17692,35.63198,19.33158,23.65424,5.30608,17.34989,4.44717,31.73058,10.41018,1.70488,27.92493,23.37859,0.00178,21.99766,0.2462,16.46548,0.7102,4.20498,0.19472,5.72411,17.26885,3.05954,20.47876,7.23858,19.38897,15.66148,25.90782,1.21487,19.47867,9.81717,44.49512,1.82891,24.68367,0.01514,5.83466,7.59161,4.72481,9.11677
37.25,21.07966,21.2512,0.17652,0.00024,4.5815,1.88463,28.16872,0.04348,5.35833,0.03065,16.7183,2.90675,0.04953,0.33113,18.12091,3.94839,0.20375,4.20359,2.40429,5.27467,5.18972,7.56642,8.80064,4.08109,0.03518,3.36915,1.95073,4.00161,6.35155,3.91132,0.0,0.0,15.21131,20.86941,8.15196,12.82823,16.12137,30.96267,0.15477,0.00345,3.40645,0.0084,10.83889,0.09541,2.76746,15.67812,3e-05,0.04341,12.457,4.66484,3e-05,4.86636,4e-05,29.91403,0.17151,34.49439,18.70013,22.86983,5.12876,16.78169,4.29914,30.69853,10.07262,1.6464,27.01898,22.60366,0.00173,21.26918,0.23843,15.93404,0.68585,4.06071,0.18904,5.53248,16.70658,2.95452,19.81471,6.99817,18.74764,15.15395,25.08091,1.17297,18.84288,9.49754,43.07373,1.76555,23.88344,0.01465,5.63414,7.34574,4.56279,8.80297
37.75,20.38082,20.52153,0.17143,0.00023,4.41871,1.82071,27.22066,0.04325,9.75467,0.03055,16.15287,2.80366,0.04914,0.31948,17.50192,3.81268,0.19694,4.0508,2.31771,5.10059,5.00496,7.30982,8.50348,3.93986,0.03455,3.24702,1.88472,3.85949,6.13156,3.77238,0.0,0.0,14.7022,20.16563,7.87614,12.39936,15.57096,29.92291,0.14939,0.00333,3.28306,0.00838,10.47633,0.09284,2.66744,15.14194,3e-05,0.04236,12.02201,4.50392,3e-05,4.6891,4e-05,28.91044,0.16611,33.35681,18.06869,22.08542,4.95144,16.21349,4.15112,29.66648,9.73506,1.58792,26.11302,21.82874,0.00167,20.5407,0.23065,15.4026,0.66149,3.91644,0.18335,5.34085,16.14431,2.8495,19.15066,6.75777,18.10632,14.64642,24.25401,1.13107,18.20709,9.1779,41.65234,1.70219,23.08322,0.01416,5.43362,7.09986,4.40077,8.48916
38.25,19.68198,19.79187,0.16635,0.00022,4.25592,1.7568,26.27261,0.04302,9.4368,0.03045,15.58744,2.70058,0.04875,0.30783,16.88293,3.67696,0.19013,3.89801,2.23113,4.92652,4.82019,7.05321,8.20631,3.79863,0.03392,3.12488,1.81871,3.71737,5.91157,3.63344,0.0,0.0,14.1931,19.46186,7.60033,11.97049,15.02055,28.88316,0.14401,0.00321,3.16845,0.00836,10.11377,0.09027,2.56742,14.60576,3e-05,0.04131,11.58702,4.34301,3e-05,4.51184,4e-05,27.90685,0.16071,32.21922,17.43725,21.30101,4.77412,15.64529,4.00309,28.63443,9.3975,1.52944,25.20706,21.05381,0.00161,19.81222,0.22288,14.87116,0.63714,3.77216,0.17766,5.14923,15.58204,2.74447,18.4866,6.51737,17.46499,14.1389,23.42711,1.08918,17.5713,8.85827,40.23095,1.63883,22.283,0.01367,5.2331,6.85398,4.23875,8.17536
38.75,18.98315,19.0622,0.16126,0.00021,4.09313,1.69288,25.32456,0.04278,9.12771,0.03034,15.02201,2.59749,0.04836,0.29617,16.26394,3.54125,0.18332,3.74522,2.14454,4.75244,4.63542,6.7966,7.90915,3.6574,0.03329,3.00274,1.7527,3.57525,5.69158,3.4945,0.0,0.0,13.68399,18.75808,7.32451,11.54163,14.47013,27.8434,0.13863,0.00309,9.69854,0.00834,9.75121,0.0877,2.46739,14.06957,3e-05,0.04026,11.15202,4.18209,3e-05,4.33458,4e-05,26.90326,0.1553,31.08164,16.80581,20.5166,4.59681,15.07709,3.85506,27.60239,9.05994,1.47096,24.3011,20.27889,0.00155,19.08373,0.21511,14.33972,0.61279,3.62789,0.17197,4.9576,15.01977,2.63945,17.82255,6.27696,16.82367,13.63137,22.6002,1.04728,16.93551,8.53863,38.80956,1.57547,21.48278,0.01318,5.03258,6.6081,4.07673,7.86155
39.25,18.37024,18.43048,0.1569,0.00021,3.95281,1.63758,24.50376,0.04257,8.84542,0.03025,14.53275,2.50852,0.04801,0.28619,15.72661,3.41711,0.17748,3.61406,2.07026,4.60003,4.47435,6.57206,7.6514,3.53546,0.03275,2.8979,1.69546,3.45279,5.5017,3.37477,0.0,0.0,13.24287,18.14909,7.08426,11.16884,13.99238,26.94351,0.13402,0.00298,16.19083,0.00832,9.43605,0.0855,2.38156,13.59817,3e-05,0.03936,10.77215,4.04336,3e-05,4.18239,4e-05,26.03441,0.15067,30.09194,16.2591,19.83724,4.44396,14.5854,3.725,26.70912,8.76533,1.42052,23.51658,19.60763,0.0015,18.45282,0.20845,13.87355,0.59192,3.50352,0.16705,4.7924,14.52803,2.54885,17.2479,6.06846,16.26826,13.18975,21.87586,1.01135,16.3853,8.2613,37.57706,1.52112,20.78981,0.01275,4.85964,6.39411,3.93711,7.59101
39.75,17.81246,17.86161,0.15301,0.0002,3.82691,1.58781,23.76462,0.04238,8.58032,0.03016,14.09237,2.42859,0.0477,0.27727,15.24167,3.30463,0.17227,3.49677,2.00387,4.46152,4.32848,6.3681,7.41893,3.4259,0.03226,2.80417,1.64384,3.34296,5.33113,3.26736,0.0,0.0,12.84539,17.60093,6.86685,10.83203,13.56124,26.13338,0.12991,0.00288,15.69583,0.00831,9.1513,0.08353,2.30484,13.16833,3e-05,0.03856,10.42765,3.91887,3e-05,4.04628,4e-05,25.252,0.14654,29.19713,15.76677,19.22529,4.30682,14.1428,3.60648,25.9049,8.49827,1.37524,22.80998,19.0029,0.00145,17.8845,0.2025,13.44925,0.57329,3.39193,0.16261,4.64417,14.08155,2.4675,16.73061,5.88042,15.76798,12.79041,21.21733,0.97926,15.89001,8.0111,36.46576,1.47255,20.16566,0.01237,4.70439,6.20058,3.81188,7.34823
40.25,17.25468,17.29274,0.14912,0.00019,3.701,1.53805,23.02548,0.04219,8.31523,0.03007,13.65199,2.34867,0.04738,0.26835,14.75674,8.79147,0.16706,3.37948,1.93748,4.32301,4.18261,6.16415,7.18647,3.31635,0.03177,2.71044,1.59222,3.23312,5.16056,3.15994,0.0,0.0,12.4479,17.05277,6.64943,10.49521,13.13011,25.32325,0.1258,0.00279,15.22401,0.00829,8.86655,0.08156,2.22812,12.73849,3e-05,0.03776,10.08315,3.79437,3e-05,3.91018,4e-05,24.4696,0.1424,28.30232,15.27444,18.61335,4.16968,13.7002,3.48796,25.10068,8.23121,1.32997,22.10337,18.39816,0.00141,17.31619,0.19656,13.02496,0.55466,3.28034,0.15818,4.49593,13.63507,2.38616,16.21332,5.69238,15.2677,12.39108,20.55879,0.94716,15.39473,7.76091,35.35446,1.42398,19.54151,0.01199,4.54915,6.00705,3.68664,7.10545
40.75,16.69691,16.72387,0.14523,0.00019,3.5751,1.48828,22.28634,0.04199,8.05013,0.02998,13.21161,2.26875,0.04706,0.25943,14.2718,16.73097,0.16184,3.2622,1.87109,4.1845,4.03674,5.96019,6.954,3.20679,0.03129,2.6167,1.5406,3.12329,4.99,3.05253,0.0,0.0,12.05041,16.5046,6.43201,10.1584,12.69897,24.51311,0.12168,0.0027,14.75219,0.00827,8.5818,0.07959,2.15139,12.30864,3e-05,0.03695,9.73865,3.66987,3e-05,3.77407,3e-05,23.6872,0.13826,27.40751,14.78211,18.0014,4.03253,13.2576,3.36944,24.29646,7.96416,1.28469,21.39677,17.79343,0.00136,16.74787,0.19061,12.60066,0.53602,3.16875,0.15374,4.3477,13.18859,2.30481,15.69604,5.50434,14.76742,11.99174,19.90026,0.91507,14.89944,7.51071,34.24316,1.37541,18.91737,0.0116,4.39391,5.81352,3.56141,6.86267
41.25,16.13913,16.155,0.14134,0.00018,3.4492,1.43851,21.54719,0.0418,7.78503,0.02989,12.77123,2.18883,0.04675,0.25051,13.78687,16.22433,0.15663,3.14491,1.8047,4.04599,3.89087,5.75623,6.72154,3.09723,0.0308,2.52297,1.48899,3.01345,4.81943,2.94511,0.0,0.0,11.65293,15.95644,6.2146,9.82159,12.26784,23.70298,0.11757,0.0026,14.28038,0.00825,8.29705,0.07762,2.07467,11.8788,3e-05,0.03615,9.39415,3.54538,3e-05,3.63796,3e-05,22.9048,0.13413,26.5127,14.28978,17.38946,3.89539,12.81501,3.26052,23.49225,7.6971,1.23941,20.69017,17.18869,0.00132,16.17956,0.18467,12.17637,0.51739,3.05716,0.14931,4.19946,12.74211,2.22346,15.17875,5.3163,14.26714,11.5924,19.24172,0.88297,14.40415,7.26052,33.13186,1.32685,18.29322,0.01122,4.23867,5.61999,3.43617,6.61989
41.75,15.60566,15.6111,0.13763,0.00018,3.32901,1.39094,20.84062,0.04161,7.53109,0.02981,12.35025,2.11252,0.04644,0.24201,13.32298,15.74335,0.15166,3.03308,1.74141,3.91337,3.75176,5.56144,6.49865,2.99262,0.03033,2.4336,1.43964,2.90861,4.65654,2.84258,0.0,0.0,11.27232,15.43243,6.00651,9.49876,11.85546,22.92844,0.11365,0.00251,13.82629,0.00824,8.02468,0.07574,2.00152,11.46749,3e-05,0.03538,9.06519,3.42468,3e-05,3.50818,3e-05,22.15673,0.13019,25.65369,13.81919,16.80435,3.76398,12.39194,5.91664,22.72338,7.44186,1.19618,20.01464,16.61067,0.00127,15.63562,0.179,11.77014,0.49963,2.95062,0.14508,4.05793,12.31497,2.14579,14.68355,5.13665,13.786,11.20934,18.61084,0.85238,13.93067,7.02092,32.06528,1.28055,17.69628,0.01085,4.09044,5.43489,3.31613,6.38808
42.25,15.16932,15.16698,0.13466,0.00017,3.23166,1.35214,20.2642,0.04145,7.3217,0.02973,12.00678,2.05068,0.04618,0.23519,12.94319,15.31047,0.14767,2.94304,1.69049,3.80433,3.63968,5.40326,6.31407,2.90781,0.02995,2.36163,1.39938,2.82371,4.52432,2.75953,0.0,0.0,10.95917,15.00491,5.83567,9.23175,11.51801,22.29615,0.1105,0.00244,13.44304,0.00822,7.80173,0.07422,1.94265,11.13019,3e-05,0.03476,8.79837,3.31918,3e-05,3.40367,3e-05,21.54589,0.12701,24.93769,13.43542,16.32651,3.65547,12.04691,16.35114,22.09576,7.2338,1.16111,19.46329,16.13939,0.00124,15.18908,0.17444,11.43612,0.48536,2.86429,0.14169,3.94318,11.9651,2.08281,14.27661,4.99053,13.38131,10.89131,18.09045,0.82779,13.54431,6.82365,31.17738,1.24333,17.20805,0.01055,3.97027,5.28344,3.21684,6.20014
42.75,14.73298,14.72286,0.13168,0.00017,3.13431,1.31335,19.68777,0.04128,7.11232,0.02965,11.66331,1.98883,0.04593,0.22837,12.56341,14.87759,0.14367,2.85301,1.63958,3.69529,3.52759,5.24509,6.12948,2.823,0.02957,2.28967,1.35912,2.73881,4.3921,2.67648,0.0,0.0,10.64602,14.57739,5.66484,8.96474,11.18055,21.66387,0.10735,0.00236,13.0598,0.00821,7.57879,0.07271,1.88378,10.7929,3e-05,0.03414,8.53155,3.21761,3e-05,3.29916,3e-05,20.93505,0.12384,24.2217,13.05165,15.84866,3.54696,11.70189,15.87792,21.46814,7.02575,1.12603,18.91194,15.66812,0.0012,14.74253,0.16988,11.10209,0.47109,2.77795,0.13829,3.82843,11.61523,2.01982,13.86967,4.84441,12.97661,10.57329,17.57005,0.8032,13.15795,6.62639,30.28948,1.20611,16.71983,0.01025,3.85009,5.13199,3.11755,6.0122
43.25,14.29664,14.27873,0.1287,0.00016,3.03696,1.27456,19.11134,0.04112,6.90294,0.02957,11.31984,1.92699,0.04567,0.22154,12.18362,14.44471,0.13968,2.76297,1.58866,3.58625,3.41551,5.08691,5.9449,2.73819,0.02919,2.21771,1.31886,2.65391,4.25989,2.59343,0.0,0.0,10.33286,14.14987,5.494,8.69773,10.8431,21.03158,0.1042,0.00229,12.67655,0.00819,7.35584,0.07119,1.8249,10.4556,3e-05,0.03352,8.26473,3.11973,3e-05,3.19465,3e-05,20.32421,0.12067,23.50571,12.66789,15.37081,3.43845,11.35686,15.43546,20.84052,6.8177,1.09096,18.36059,15.19684,0.00117,14.29599,0.16533,10.76806,0.45682,2.69162,0.1349,3.71368,11.26537,1.95683,13.46273,4.69829,12.57192,10.25526,17.04966,0.7786,12.77159,6.42913,29.40158,1.1689,16.2316,0.00994,3.72991,4.98054,3.01826,5.82426
43.75,13.8603,13.83461,0.12572,0.00016,2.93961,1.23577,18.53492,0.04095,6.69355,0.02949,10.97637,1.86514,0.04541,0.21472,11.80383,14.01183,0.13569,2.67294,1.53775,3.47721,3.30342,4.92874,5.76032,2.65337,0.0288,2.14575,1.27859,2.56901,4.12767,2.51038,0.0,0.0,10.01971,13.72235,5.32316,8.43072,10.50565,20.39929,0.10105,0.00222,12.2933,0.00817,7.1329,0.06968,1.76603,10.11831,3e-05,0.0329,7.99791,15.9685,3e-05,3.09014,3e-05,19.71336,0.1175,22.78972,12.28412,14.89296,3.32994,11.01184,14.99299,20.2129,6.60964,1.05589,17.80925,14.72557,0.00113,13.84944,0.16077,10.43404,0.44255,2.60528,0.13151,3.59894,10.9155,1.89385,13.05579,4.55217,12.16723,9.93723,16.52927,0.75401,12.38523,6.23187,28.51368,1.13168,15.74338,0.00964,3.60973,4.82909,2.91898,5.63632
44.25,13.42396,13.39049,0.12274,0.00015,2.84226,1.19698,17.95849,0.04079,6.48417,0.02941,10.63291,1.8033,0.04515,0.20789,11.42404,13.57895,0.13169,2.5829,1.48683,3.36816,3.19134,4.77056,5.57573,2.56856,0.02842,2.07378,1.23833,2.48411,3.99545,2.42734,0.0,0.0,9.70656,13.29483,5.15233,8.16371,10.1682,19.767,0.0979,0.00214,11.91006,0.00816,6.90996,0.06817,1.70716,9.78101,3e-05,0.03228,7.73109,15.51707,3e-05,2.98563,3e-05,19.10252,0.11433,22.07372,11.90036,14.41512,3.22712,10.66681,14.55052,19.58529,6.40159,1.02081,17.2579,14.25429,0.0011,13.4029,0.15621,10.10001,0.42828,2.51895,0.12811,3.48419,10.56563,1.83086,12.64885,4.40605,11.76254,9.6192,16.00888,0.72942,11.99887,6.03461,27.62578,1.09446,15.25516,0.00934,3.48955,4.67765,2.81969,5.44838
44.75,13.02766,12.98715,0.12005,0.00015,2.75412,1.16175,17.43488,0.04063,6.29345,0.02934,10.321,1.74729,0.04491,0.20174,11.07891,13.18324,0.12809,2.50159,1.44086,3.26868,3.09012,4.62715,5.40822,2.49136,0.02808,2.00881,1.20178,2.40655,3.87566,2.35216,0.0,0.0,9.42178,12.9065,4.99737,7.9201,9.86152,19.19242,0.09505,0.00207,11.56078,0.00814,6.7067,0.0668,1.65401,9.47548,3e-05,0.03172,7.48945,15.10198,3e-05,2.89125,3e-05,18.54698,0.11145,21.4231,11.55175,13.98127,3.13292,10.35343,14.13943,19.01504,6.21261,0.98902,16.7555,13.82359,0.00106,12.99329,0.1521,9.7963,0.4154,2.44078,0.12505,3.37711,10.24745,1.7738,12.27872,4.27366,11.39566,9.33004,15.53627,0.70723,11.6479,5.85473,26.816,1.06087,14.8102,0.00907,3.38068,4.53923,2.73001,5.27817
45.25,12.68711,12.64062,0.11777,0.00014,2.67881,1.13149,16.9848,0.04049,6.12872,0.02927,10.05304,1.69942,0.04469,0.19651,10.78202,12.83929,0.12503,2.43243,1.40178,3.18252,3.00403,4.50429,5.2645,2.42477,0.02777,1.95356,1.1704,2.3392,3.77317,2.28795,0.0,0.0,9.1765,12.57274,4.86451,7.70909,9.59769,18.69817,0.09264,0.00202,11.2588,0.00813,6.53086,0.06563,1.60883,9.21419,2e-05,0.03124,7.28287,14.71435,2e-05,2.81099,3e-05,18.06842,0.10899,20.86349,11.2521,13.60868,15.84725,10.08411,13.77202,18.52468,6.05018,0.96178,16.32128,13.44939,0.00104,12.6351,0.1486,9.53482,0.40446,2.37398,0.12246,3.28073,9.97339,1.72499,11.95985,4.16042,11.08143,9.08109,15.1302,0.68838,11.34621,5.69907,26.11499,1.03232,14.42548,0.00882,3.28758,4.41896,2.65371,5.13263
45.75,12.34655,12.29408,0.11548,0.00014,2.6035,1.10122,16.53472,0.04035,5.96399,0.0292,9.78508,1.65155,0.04448,0.19128,10.48514,12.49534,0.12196,2.36327,1.36269,3.09635,2.91795,4.38143,5.12077,2.35817,0.02747,1.89831,1.13901,2.27185,3.67068,2.22374,0.0,0.0,8.93122,12.23898,4.73166,7.49808,9.33385,18.20393,0.09023,0.00196,10.95681,0.00811,6.35502,0.06447,1.56364,8.9529,2e-05,0.03077,7.0763,14.32672,2e-05,2.73073,3e-05,17.58987,0.10653,20.30389,10.95245,13.2361,15.41568,9.81479,13.40462,18.03432,5.88775,0.93455,15.88706,13.07519,0.00101,12.27692,0.14511,9.27333,0.39352,2.30718,0.11986,3.18579,9.69933,1.67618,11.64097,4.04717,10.7672,8.83214,14.72412,0.66953,11.04452,5.5434,25.41399,1.00377,14.04076,0.00858,3.19447,4.29869,2.57742,4.98709
46.25,12.006,11.94754,0.1132,0.00014,2.52819,1.07096,16.08464,0.04021,5.79927,0.02913,9.51712,1.60368,0.04427,0.18606,10.18825,12.15139,0.1189,2.29411,1.3236,3.01019,2.83187,4.25858,4.97704,2.29157,0.02717,1.84306,1.10762,2.2045,3.5682,2.15953,0.0,0.0,8.68595,11.90523,4.5988,7.28706,9.07002,17.70968,0.08782,0.0019,10.65483,0.0081,6.17918,0.0633,1.51846,8.6916,2e-05,0.03029,6.86972,13.93909,2e-05,2.65047,3e-05,17.11132,0.10407,19.74429,10.65279,12.86352,15.01431,9.54548,13.03721,17.54396,5.72532,0.90732,15.45284,12.70099,0.00098,11.91873,0.14162,9.01184,0.38258,2.24038,0.11726,3.09647,9.42527,1.62737,11.3221,3.93392,10.45297,8.58319,14.31805,0.65068,10.74283,5.38773,24.71299,0.97522,13.65604,0.00834,3.10137,4.17842,2.50112,4.84155
46.75,11.66545,11.60101,0.11091,0.00013,2.45288,1.0407,15.63457,0.04007,5.63454,0.02906,9.24916,1.55581,0.04405,0.18083,9.89136,11.80744,0.11584,2.22494,1.28452,2.92402,2.74578,4.13572,4.83332,2.22497,0.02687,1.78781,1.07624,2.13715,3.46571,2.09532,0.0,0.0,8.44067,11.57147,4.46595,7.07605,8.80619,17.21544,0.0854,0.00185,10.35285,0.00808,6.00334,0.06214,1.47327,8.43031,2e-05,0.02981,6.66314,13.55146,2e-05,2.57021,3e-05,16.63277,0.10161,19.18468,10.35314,12.49093,14.61936,9.27616,12.6698,17.05359,5.56289,0.88009,15.01861,12.32678,0.00095,11.56054,0.13812,8.75035,0.37165,2.17358,0.11467,12.40257,9.15121,1.57856,11.00323,3.82068,10.13874,8.33424,13.91198,0.63183,10.44114,5.23207,24.01199,0.94667,13.27133,0.0081,3.00826,4.05816,2.42482,4.69601
47.25,11.3249,11.25447,0.10862,0.00013,2.37757,1.01044,15.18449,0.03993,5.46982,0.02899,8.9812,1.50793,0.04384,0.17561,9.59448,11.46349,0.11278,2.15578,1.24543,2.83786,2.6597,4.01286,4.68959,2.15838,0.02657,1.73256,1.04485,2.0698,3.36322,2.0311,0.0,0.0,8.19539,11.23772,4.33309,6.86504,8.54235,16.7212,0.08299,0.00179,10.05087,0.00807,5.8275,0.06097,1.42808,8.16901,2e-05,0.02933,6.45656,13.16383,2e-05,2.48995,3e-05,16.15422,0.09915,18.62508,10.05349,12.11835,14.22442,9.00684,12.3024,16.56323,5.40046,0.85285,14.58439,11.95258,0.00092,11.20236,0.13463,8.48886,0.36071,2.10678,0.11207,15.06632,8.87716,1.52975,10.68436,3.70743,9.82451,8.08529,13.50591,0.61298,10.13944,5.0764,23.31099,0.91812,12.88661,0.00786,2.91516,3.93789,2.34853,4.55047
47.75,11.00206,10.92587,0.10646,0.00013,2.3063,0.98174,14.7576,0.0398,5.31311,0.02893,8.7271,1.46262,0.04363,0.17067,9.31296,11.13676,0.10988,2.09042,1.20849,2.75595,2.57833,3.89653,4.55342,2.09933,0.02629,1.68035,1.0151,2.00612,3.26476,1.97003,0.0,0.0,7.96208,10.92118,4.20728,6.66487,8.29215,16.25164,0.08071,0.00174,9.76403,0.00806,5.66033,0.05987,1.38538,7.92165,2e-05,0.02888,6.261,12.79456,2e-05,2.41409,3e-05,15.69969,0.09682,18.09449,9.76935,11.76338,13.84394,8.75147,11.95326,16.09786,5.24649,0.82708,14.17243,11.59676,0.0009,10.86322,0.13132,8.24078,0.35037,2.04355,0.10962,14.68139,8.61724,1.48353,10.3815,3.60002,9.52702,7.84917,13.12091,0.59517,9.85336,4.92892,22.6464,0.89114,12.52164,0.00763,2.82701,3.82387,2.27641,4.41269
48.25,10.73629,10.65506,0.10471,0.00012,2.24802,0.9581,14.40543,0.03968,5.18223,0.02886,8.51764,1.42556,0.04345,0.16666,9.08095,10.8655,0.10753,2.03728,1.17848,2.68774,2.51215,3.80121,4.44159,2.87563,0.02605,1.6379,0.99059,1.95425,3.17931,1.91904,0.0,0.0,7.76732,10.66015,4.10417,6.49964,8.08586,15.86164,0.07886,0.00169,9.526,0.00804,5.52109,0.05897,1.35068,7.71919,2e-05,0.02851,6.10094,12.48447,2e-05,2.35241,3e-05,15.32255,0.09493,17.65742,9.5352,11.46516,13.51008,8.54106,11.66299,15.713,5.11977,0.806,13.83222,11.30018,0.00088,10.58545,0.12864,8.0359,0.34199,1.99184,0.10763,14.33255,8.4029,1.44563,10.13024,3.51141,9.28345,7.65438,12.80386,0.58071,9.61759,4.80784,22.09916,0.86922,12.22033,0.00744,2.75485,3.72999,2.21775,4.29991
