energy,Adipose,Air,Al,Au,Ba,Be,Bone,Ca,Cu,Er,Fe,Ga,Glass,Hf,I,Mg,Mn,Mo,Nb,Pb,Pd,Pmm,Pt,Rh,Si,Skeletal,Ti,Tiss,W,Wat,Y,Zn
0.25,1748.0,0.0,2038.0,5044.646056,14070.0,909.2,4723.0,4495.0,62100.0,9701.0,38425.12,5154.0,4660.0,17702.3,19079.1,1025.0,33180.0,25400.0,19880.0,23040.5,38584.2,2321.0,37540.0,37850.5,2306.7,2625.0,15530.0,2650.0,28400.0,2710.0,8804.0,5613.671
0.75,249.9,0.435,321.2,2011.197611,2989.0,111.6,725.8,754.9,9500.0,2493.0,7149.592,1004.0,705.0,4445.54,4486.3,160.4,6019.0,5050.0,3942.0,5913.35,7861.08,332.0,9502.0,7656.97,365.81,390.6,2665.0,393.26,7100.0,408.0,1725.0,1105.615
1.25,81.89,0.143,108.5,829.4106454,1575.0,33.26,247.7,265.1,3960.0,5503.0,2677.16,3005.0,257.0,1983.19,1932.56,696.0,2217.0,1970.0,1534.0,2678.6,3101.16,108.9,4269.0,3015.63,124.888,131.3,953.4,132.5,3170.0,138.0,665.9,3438.106
1.75,36.1,0.0636,610.0,2612.319538,812.0,13.8,112.7,124.0,1930.0,3191.0,1283.462,1482.0,335.0,4791.6,986.0,335.8,1056.0,980.0,761.9,1464.15,1550.58,48.08,2317.0,1501.61,647.74,58.7,447.6,59.36,7570.0,61.7,331.6,1690.521
2.25,19.1,0.0334,348.2,1703.629162,472.5,6.93,92.35,67.89,1080.0,2121.0,710.2348,838.4,192.0,3447.29,571.88,186.2,584.8,564.0,2228.0,1668.45,893.086,25.11,5041.0,866.218,382.12,31.92,246.1,32.436,5080.0,32.7,1162.0,948.689
2.75,11.31,0.0195,212.7,1127.699248,304.5,3.936,56.83,41.54,671.0,1387.0,439.3692,523.1,114.0,2355.87,365.806,114.5,360.8,2050.0,1637.0,2224.6,568.546,14.76,4226.0,551.004,227.874,19.01,150.7,19.504,3670.0,19.3,737.4,592.7523
3.25,7.154,0.0139,140.1,764.5141932,207.2,2.439,37.06,27.13,444.0,951.9,289.7632,347.2,74.7,1623.82,248.472,75.17,238.1,1390.0,1106.0,1759.25,1778.96,9.306,3239.0,2022.83,150.285,12.18,98.97,12.402,2550.0,12.3,500.5,393.0283
3.75,4.798,0.00939,97.16,546.4452889,148.75,1.604,25.54,18.91,311.0,688.1,202.3618,243.8,52.4,1179.266,177.973,51.68,165.9,991.0,785.0,1418.75,1478.46,6.248,2360.0,1451.97,105.549,8.537,69.01,8.6496,1850.0,8.28,354.8,276.0471
4.25,3.373,0.00663,70.17,407.5842943,110.25,1.114,48.38,121.7,226.0,513.1,146.4564,177.7,37.9,882.453,132.124,37.06,120.5,732.0,578.5,1069.17,1089.012,4.379,1774.0,1072.224,76.424,6.027,49.94,6.1162,1380.0,5.83,260.5,200.4373
4.75,2.461,0.00486,52.09,311.4592563,84.35,0.8076,36.86,93.47,170.0,395.3,110.236,134.0,28.1,680.141,415.599,27.49,90.02,557.0,439.6,828.55,830.582,3.189,1373.0,817.819,57.085,4.421,310.5,4.4732,1070.0,4.26,197.5,151.2196
5.25,1.843,0.00365,39.95,246.0210893,190.75,0.6043,28.42,72.85,131.0,311.0,85.0392,103.3,21.4,536.393,377.145,21.05,69.42,433.0,341.9,656.03,649.08,2.392,1085.0,637.874,43.804,3.329,256.5,3.3708,842.0,3.2,153.3,116.2679
5.75,1.416,0.00282,31.04,197.9112295,241.5,0.4675,22.46,57.82,104.0,250.2,66.85026,81.48,16.7,431.244,304.181,16.32,54.68,344.0,271.7,530.045,518.062,1.845,875.2,508.81,34.251,2.573,196.1,2.6076,677.0,2.46,121.6,92.0157
6.25,1.112,0.00222,24.75,162.5753501,197.4,0.3696,18.09,46.81,83.1,204.0,53.62194,65.53,13.3,352.715,246.993,12.95,43.9,278.0,219.4,434.705,419.498,1.44,716.4,412.012,27.261,2.027,155.7,2.0458,554.0,1.94,98.32,74.1832
6.75,0.8921,0.00178,20.0,135.5501948,163.45,0.2994,14.76,38.29,67.8,168.6,43.77944,53.55,10.7,292.82,203.609,10.44,284.2,228.0,180.0,360.93,344.974,1.154,594.2,338.793,22.1117,1.617,128.5,1.643,459.0,1.55,80.44,60.34518
7.25,0.7258,0.00145,16.38,114.2484594,137.2,0.2476,12.21,31.93,56.2,142.3,281.8892,44.34,8.79,246.235,170.085,8.526,239.6,190.0,150.0,304.18,287.278,0.9377,499.8,281.707,18.1507,1.323,108.1,1.3356,386.0,1.26,67.04,49.931
7.75,0.5985,0.0012,13.58,97.44071649,116.55,0.207,10.21,26.82,47.0,120.6,240.9444,37.2,7.29,208.967,143.956,7.064,203.1,161.0,126.0,259.915,242.804,0.7723,426.9,237.031,15.0751,1.092,91.71,1.1024,328.0,1.04,56.31,41.87071
8.25,0.4997,0.000998,11.39,83.9034103,99.75,0.1772,8.64,22.63,39.9,271.1,206.2988,31.47,6.11,179.685,122.757,5.916,174.1,136.0,107.1,222.46,205.542,0.645,366.8,202.283,12.6519,0.9093,78.54,0.9222,282.0,0.865,47.82,35.45101
8.75,0.4218,0.000842,9.635,198.6476726,85.75,0.1536,7.354,19.38,248.0,233.9,177.9524,26.92,5.17,154.396,105.502,4.994,149.5,117.0,91.7,192.95,176.694,0.5438,317.5,173.74,10.718,0.7676,67.19,0.77804,243.0,0.729,40.85,30.31525
9.25,0.3601,0.000718,8.232,168.7210801,74.55,0.1347,6.317,16.74,219.0,279.2,154.3304,23.2,4.42,135.762,91.698,4.263,129.5,101.0,79.1,169.115,152.654,0.4641,276.7,150.161,9.1569,0.6542,58.11,0.66356,212.0,0.621,35.26,26.17811
9.75,0.3107,0.000617,7.071,175.0180437,65.1,0.1196,5.472,14.48,194.0,283.8,134.6454,20.19,3.79,306.13,80.359,3.671,112.3,87.6,68.9,148.685,133.422,0.3998,242.4,130.305,7.8987,0.5628,50.39,0.57028,187.0,0.533,30.7,166.1989
10.25,0.2698,0.000535,6.127,186.010472,57.05,0.1072,4.762,12.63,172.0,250.2,118.11,126.3,3.3,267.531,70.499,3.167,98.95,76.8,60.25,130.525,116.9546,0.3463,214.5,114.4202,6.8502,0.4872,43.9,0.49396,419.0,0.461,26.86,147.6531
10.75,0.2366,0.000466,5.344,180.306688,50.4,0.09702,4.186,11.1,152.0,222.1,103.9368,112.2,2.88,324.764,62.118,2.767,87.05,67.6,53.13,116.905,103.0114,0.3035,190.9,100.8933,5.9881,0.4253,38.59,0.43142,371.0,0.403,23.64,131.2472
11.25,0.2081,0.000411,4.696,161.8904824,44.8,0.0887,3.686,9.796,136.0,197.6,92.1258,100.4,2.52,336.743,55.216,2.419,77.38,59.9,47.05,104.193,91.352,0.2678,170.5,89.352,5.2425,0.3749,34.14,0.37948,330.0,0.354,20.96,116.9812
11.75,0.1853,0.000363,4.129,145.2213896,40.25,0.08168,3.264,8.696,122.0,177.7,82.677,89.74,2.23,302.137,49.2014,2.14,68.82,53.4,41.91,93.6375,81.3754,0.238,377.5,79.6722,4.6367,0.3308,30.33,0.33602,407.0,0.313,18.64,104.8551
12.25,0.1653,0.000323,3.671,130.7081544,36.05,0.07577,2.918,7.75,109.0,159.6,73.85812,80.88,1.98,272.855,44.1235,1.897,61.6,47.8,37.54,84.444,72.9614,0.2118,338.9,71.3575,4.1008,0.2951,27.1,0.29892,423.0,0.278,16.71,94.1556
12.75,0.1492,0.000289,3.266,118.5165283,32.445,0.07078,2.611,6.929,97.7,145.1,66.37782,73.21,1.76,246.235,39.7358,1.686,55.35,42.9,33.68,76.6125,65.6292,0.1904,306.7,64.1597,3.6581,0.2636,24.29,0.26712,384.0,0.249,15.02,84.8827
13.25,0.1349,0.00026,2.915,107.0650925,29.33,0.06634,2.342,6.231,88.5,131.5,59.92114,66.12,1.58,223.608,35.9397,1.509,49.92,38.8,30.42,167.98,59.2586,0.1726,381.8,57.9547,3.2853,0.2373,21.88,0.24062,349.0,0.224,13.54,77.0364
13.75,0.1226,0.000235,2.629,97.84000623,26.67,0.06265,2.112,5.627,80.1,119.7,54.25186,60.22,1.42,204.974,32.6366,1.355,45.24,35.2,27.6,152.09,53.7294,0.1571,403.3,52.4943,2.9591,0.2142,19.75,0.2173,319.0,0.202,12.29,69.68941
14.25,0.1121,0.000213,2.372,88.97957644,24.29,0.05951,1.91,5.084,72.8,109.7,49.29124,55.08,1.28,186.34,29.7279,1.221,41.07,32.0,25.11,138.47,48.9214,0.1428,368.9,47.7785,2.6562,0.1953,17.93,0.19716,291.0,0.183,11.17,63.41237
14.75,0.1026,0.000194,2.148,81.71248257,22.225,0.05673,1.734,4.619,66.4,100.6,44.96054,50.42,1.16,171.699,27.1643,1.107,37.42,29.1,22.88,127.12,44.5942,0.1309,338.9,43.6832,2.3999,0.1775,16.3,0.1802,268.0,0.167,10.19,57.91996
15.25,0.09491,0.000178,1.951,74.75400665,20.335,0.05433,1.58,4.201,60.7,91.57,41.10228,46.23,1.06,157.058,24.8965,1.004,34.15,26.7,20.91,161.17,40.868,0.1202,311.0,39.9602,2.18787,0.1628,14.85,0.16536,247.0,0.153,9.296,52.99819
15.75,0.08788,0.000164,1.776,69.04480248,18.69,0.05211,1.444,3.844,55.6,84.59,37.63772,42.45,0.966,145.079,22.8259,0.9152,31.32,24.4,19.2,171.385,37.5024,0.1117,287.4,36.6095,1.99215,0.1502,13.57,0.15158,226.0,0.141,8.536,48.64706
16.25,0.0817,0.000151,1.625,63.42569076,17.185,0.05027,1.323,3.519,51.2,78.06,34.56686,39.08,0.883,134.431,21.0018,0.8369,28.72,22.4,17.65,158.9,34.4974,0.1038,266.0,33.6311,1.82206,0.1386,12.44,0.13992,208.0,0.13,7.865,44.79524
16.75,0.07629,0.00014,1.487,58.9547007,15.855,0.0486,1.215,3.224,47.2,72.17,31.81096,36.07,0.812,123.783,19.3749,0.7673,26.41,20.6,16.28,147.55,31.7328,0.09675,246.7,31.025,1.66828,0.1281,11.44,0.12932,193.0,0.12,7.24,41.30007
17.25,0.07144,0.00013,1.368,54.48371064,14.7,0.04712,1.119,2.976,43.6,66.91,29.37002,33.36,0.747,114.7322,17.9452,0.7047,24.4,19.1,15.08,137.335,29.3288,0.09056,227.4,28.6671,1.53314,0.1187,10.53,0.12084,180.0,0.112,42.99,38.16155
17.75,0.06707,0.000121,1.26,50.7667254,13.615,0.04583,1.033,2.744,40.4,62.1,27.1653,30.88,0.689,106.6131,16.6141,0.6508,22.54,17.7,13.97,128.255,27.1652,0.08497,212.6,26.5574,1.41198,0.1113,9.716,0.11236,167.0,0.104,40.04,35.37968
18.25,0.06327,0.000113,1.163,47.23732333,12.67,0.04454,0.9562,2.527,37.5,57.84,25.11806,28.69,0.638,99.2926,15.4309,0.6003,20.83,16.5,12.94,119.175,25.242,0.07997,198.2,24.6959,1.3048,0.1036,8.989,0.10494,155.0,0.0974,37.36,32.8118
18.75,0.05985,0.000106,1.077,43.99200563,11.795,0.04343,0.887,2.341,34.9,53.94,23.30704,26.69,0.591,92.6376,14.3956,0.5568,19.34,15.3,75.07,111.457,23.5592,0.07557,185.1,22.9585,1.20694,0.09723,8.354,0.098474,145.0,0.0913,34.9,30.52924
19.25,0.05672,9.95e-05,0.9986,41.22618914,10.99,0.0425,0.8256,2.17,32.4,50.41,21.73224,24.86,0.551,86.515,13.4096,0.5168,18.0,14.3,70.36,104.42,21.8764,0.07164,173.3,21.4693,1.1184,0.09135,7.718,0.092538,136.0,0.0859,32.67,28.46067
19.75,0.05396,9.38e-05,0.9285,38.46037264,10.29,0.04158,0.768,2.031,30.3,47.14,20.23618,23.2,0.513,81.0579,12.5222,0.4802,16.74,81.3,66.07,98.064,20.434,0.06795,162.4,19.9801,1.03918,0.08621,7.219,0.087238,127.0,0.081,30.66,26.53476
20.25,0.0514,8.86e-05,0.8664,36.14715813,9.625,0.04084,0.7162,1.891,28.3,44.15,18.8976,21.67,0.477,75.867,11.7334,0.4489,15.62,80.7,62.05,91.935,19.1118,0.06474,152.3,18.7391,0.96928,0.08148,6.719,0.082468,119.0,0.0765,28.74,24.82284
20.75,0.04912,8.39e-05,0.807,33.96481718,8.995,0.0401,0.6701,1.752,26.5,41.43,17.63776,20.31,0.448,71.2085,10.9939,0.4193,14.58,79.3,58.36,86.3735,17.9098,0.06176,143.1,17.4981,0.90404,0.07718,6.265,0.078122,112.0,0.0725,26.99,23.18225
21.25,0.04703,7.95e-05,0.7557,31.78258827,8.47,0.03936,0.6278,1.643,24.8,38.89,16.5354,19.01,0.419,66.9493,10.3037,0.3915,13.69,77.1,55.02,81.266,16.828,0.05914,134.5,16.5053,0.84346,0.07329,5.857,0.0742,105.0,0.0689,25.38,21.75565
21.75,0.04522,7.57e-05,0.7071,30.06705069,7.945,0.03881,0.5894,1.539,23.3,36.63,15.51178,17.83,0.395,62.9563,9.6628,0.3671,12.8,74.3,51.85,76.6125,15.8664,0.05676,126.8,15.5125,0.78987,0.06972,5.493,0.070596,98.6,0.0656,23.91,20.40038
22.25,0.04342,7.21e-05,0.664,28.35151311,7.49,0.03825,0.553,1.442,21.9,34.45,14.48816,16.77,0.37,59.3626,9.1205,0.3463,12.05,71.0,48.93,72.186,14.9048,0.0545,119.5,14.5197,0.74094,0.06647,5.13,0.06731,93.0,0.0625,22.57,19.18777
22.75,0.0419,6.88e-05,0.6235,26.6484697,7.035,0.0377,0.5203,1.353,20.6,32.55,13.62202,15.82,0.35,56.0351,8.5782,0.3254,11.31,67.6,46.19,68.2135,14.0634,0.05248,112.8,13.7751,0.69667,0.06353,4.812,0.064342,87.8,0.0598,21.27,18.04649
23.25,0.04047,6.59e-05,0.5884,25.30880958,6.65,0.03714,0.4915,1.273,19.4,30.73,12.83462,14.88,0.33,52.9738,8.0852,0.3062,10.64,64.0,43.71,64.5815,13.222,0.05058,106.6,77.1902,0.65473,0.0608,4.535,0.061586,83.0,0.0572,20.11,16.97654
23.75,0.03914,6.31e-05,0.5533,23.96914946,6.3,0.03678,0.4627,1.198,18.3,29.1,12.12596,14.05,0.312,50.0456,7.6415,0.2888,10.04,60.4,41.39,61.1765,12.5008,0.04891,101.0,73.219,0.61745,0.05838,4.272,0.059042,78.6,0.0549,18.99,16.04925
24.25,0.03791,6.06e-05,0.5236,22.62948934,5.95,0.03641,0.4378,1.128,17.3,27.56,11.4173,13.28,0.297,47.5167,7.2471,0.2732,9.449,56.8,39.16,57.9985,69.8362,0.04736,95.67,69.496,0.5825,0.05607,4.027,0.05671,74.5,0.0528,17.97,15.12196
24.75,0.03677,5.83e-05,0.4966,21.54168693,5.635,0.03585,0.4147,1.065,16.3,26.11,10.78738,12.58,0.281,44.9878,6.8527,0.2593,8.928,53.4,37.11,55.0475,66.3504,0.04593,90.95,66.0212,0.54988,0.05397,3.8,0.05459,70.6,0.0508,17.03,14.33733
25.25,0.03572,5.62e-05,0.4696,20.49436114,5.355,0.03548,0.3936,1.006,15.4,24.75,10.2362,11.87,0.265,42.7251,6.5076,0.2453,8.407,50.0,35.22,52.3235,63.105,0.04451,86.23,62.7946,0.52192,0.05198,3.591,0.052576,67.0,0.049,16.18,13.5527
25.75,0.03477,5.42e-05,0.4453,19.44703535,5.075,0.0353,0.3725,0.9517,14.6,23.48,9.68502,11.28,0.254,40.5955,6.1625,0.2332,7.961,46.8,33.51,49.713,60.1,0.04332,82.15,59.6921,0.49396,0.05019,3.396,0.050774,63.7,0.0473,15.33,12.8394
26.25,0.03382,5.23e-05,0.4237,18.49120004,4.83,0.03493,0.3533,0.9006,13.9,22.39,9.13384,10.69,0.241,38.599,5.8667,0.2227,7.589,43.8,31.79,47.3295,57.2152,0.04213,78.08,56.9619,0.46833,0.04851,3.214,0.049078,60.6,0.0458,14.57,12.19743
26.75,0.03306,5.06e-05,0.4022,17.63812156,4.585,0.03456,0.336,0.8541,13.2,21.31,8.6614,10.15,0.23,36.7356,5.5709,0.2123,7.165,41.1,30.25,45.173,54.5708,0.04106,74.43,54.2317,0.44503,0.04704,3.051,0.047594,57.7,0.0443,13.85,11.55546
27.25,0.03221,4.9e-05,0.3833,16.78504308,4.375,0.03437,0.3206,0.8107,12.5,20.31,8.2677,9.624,0.22,35.0053,5.3244,0.2018,6.8,38.5,28.88,43.0165,52.0466,0.0401,71.0,51.7497,0.42406,0.04557,2.892,0.04611,55.0,0.043,13.18,10.98482
27.75,0.03154,4.76e-05,0.3644,15.93196461,4.165,0.034,0.3053,0.7704,11.8,19.31,7.826756,9.151,0.211,33.4081,5.0779,0.1931,6.465,36.2,27.51,41.087,49.7628,0.03915,67.78,49.3918,0.40309,0.04421,2.747,0.044732,52.5,0.0418,12.56,10.41418
28.25,0.03088,4.63e-05,0.3482,15.23275919,3.955,0.03382,0.2918,0.7316,11.3,18.49,7.448804,8.738,0.201,31.944,4.83633,0.1844,6.145,34.0,26.22,39.271,47.5992,0.03832,64.78,47.158,0.38445,0.04295,2.611,0.04346,50.2,0.0406,11.98,9.91487
28.75,0.03021,4.5e-05,0.332,14.56146062,3.78,0.03363,0.2784,0.696,10.8,17.68,7.0866,8.325,0.193,30.4799,4.61941,0.1757,5.848,32.1,25.02,37.5685,45.4356,0.03749,61.78,45.1724,0.36581,0.04179,2.488,0.042294,47.9,0.0395,11.4,9.48689
29.25,0.02964,4.37e-05,0.3185,13.89016206,3.64,0.03326,0.2669,0.6634,10.2,16.86,6.755892,7.911,0.185,29.1489,4.41235,0.1688,5.573,30.4,23.91,35.9795,43.5124,0.03677,59.2,43.1868,0.3495,0.04074,2.37,0.041234,45.7,0.0385,10.9,8.98758
29.75,0.02907,4.27e-05,0.305,13.21886349,3.465,0.03308,0.2554,0.6324,9.77,16.14,6.440932,7.557,0.178,27.951,4.22008,0.1618,5.312,28.7,22.88,34.3905,41.5892,0.03606,56.63,41.3253,0.33552,0.03969,2.256,0.040174,43.8,0.0376,10.41,8.63093
30.25,0.0286,4.16e-05,0.2915,12.69339389,3.3145,0.03289,0.2458,0.603,9.32,15.41,6.14172,7.203,0.171,26.7531,4.03767,0.1554,5.067,27.3,21.85,32.915,39.9064,0.03546,54.27,39.5879,0.31921,0.03875,2.152,0.03922,42.1,0.0367,9.966,8.20295
30.75,0.02812,4.06e-05,0.2807,12.17214057,3.1745,0.03271,0.2342,0.5766,8.92,14.78,5.86613,6.908,0.165,25.5552,3.86512,0.1495,4.843,26.0,20.91,31.553,38.2236,0.03475,51.91,37.9746,0.30756,0.03791,2.057,0.038266,40.1,0.0358,9.519,7.8463
31.25,0.02765,3.96e-05,0.2688,11.65088724,3.0415,0.03252,0.2266,0.5503,8.52,14.14,5.606288,6.612,0.159,24.4904,3.70736,0.1437,4.628,24.7,20.05,30.3045,36.661,0.03427,49.76,36.3613,0.29358,0.03707,1.966,0.037418,38.6,0.0351,9.117,7.48965
31.75,0.02727,3.88e-05,0.2586,11.12963392,2.9155,0.03234,0.217,0.527,8.15,13.6,5.362194,6.317,0.153,23.5587,3.55453,0.1385,4.427,23.6,19.2,29.056,35.2186,0.03368,47.83,34.8721,0.28193,0.03623,1.88,0.036676,37.1,0.0343,8.759,7.20433
32.25,0.02679,3.8e-05,0.2486,10.70494768,2.8,0.03216,0.2093,0.5038,7.8,13.06,5.133848,6.022,0.148,22.627,3.41156,0.1335,4.233,22.6,18.43,27.921,33.7762,0.0332,45.9,33.507,0.27028,0.03549,1.798,0.035934,35.5,0.0336,8.402,6.876212
32.75,0.02641,3.72e-05,0.2394,10.30004586,2.688,0.03197,0.2016,0.4836,7.48,12.51,4.913376,5.792,0.143,21.6953,3.27352,0.1288,4.055,21.7,17.65,26.786,32.454,0.03273,44.19,32.1419,0.26096,0.03486,1.721,0.035192,34.2,0.033,8.044,6.590892
33.25,0.02613,3.65e-05,0.2308,9.895144036,2.583,0.03179,0.1939,0.4635,7.17,12.06,4.708652,5.556,0.139,20.8967,17.2057,0.1244,3.884,20.9,16.97,25.7645,31.1318,0.03225,42.47,30.9009,0.25164,0.03413,1.648,0.034556,32.8,0.0324,7.731,6.312705
33.75,0.02575,3.58e-05,0.2227,9.490242212,2.4815,0.03179,0.1866,0.4449,6.87,11.6,4.519676,5.331,0.134,20.0981,16.5648,0.1202,3.727,20.0,16.28,24.8565,29.9298,0.03177,40.76,29.6599,0.24232,0.0336,1.584,0.03392,31.5,0.0318,7.419,6.055917
34.25,0.02546,3.52e-05,0.2148,9.121404726,2.387,0.0316,0.1801,0.4263,6.6,11.15,4.3307,5.119,0.13,19.2995,15.9732,0.1162,3.579,19.3,15.68,23.9485,28.848,0.03142,39.25,28.543,0.233,0.03297,1.516,0.033284,30.3,0.0313,7.106,5.813395
34.75,0.02508,3.46e-05,0.2078,8.806166116,2.2995,0.03142,0.174,0.4092,6.34,10.7,4.165346,4.912,0.126,18.634,15.3816,0.1126,3.43,18.6,15.08,23.0405,27.7662,0.03094,37.75,27.4261,0.224845,0.03245,1.457,0.032754,29.1,0.0307,6.838,5.585139
35.25,0.0248,3.4e-05,0.2008,8.490927505,2.2155,0.03123,0.1682,0.3937,6.09,10.34,3.999992,4.723,0.122,17.8354,14.8393,0.1091,3.296,17.9,14.48,22.246,26.6844,0.03058,36.47,26.4333,0.217156,0.03192,1.403,0.032224,28.2,0.0303,6.569,5.364016
35.75,0.02451,3.35e-05,0.1943,8.175688895,2.135,0.03123,0.1626,0.3782,5.85,9.973,3.842512,4.54,0.119,17.303,14.297,0.1058,3.169,17.3,13.97,21.4515,25.7228,0.03023,35.18,25.4405,0.2097,0.0314,1.348,0.031694,27.2,0.0298,6.346,5.164292
36.25,0.02432,3.29e-05,0.1884,7.860450285,2.058,0.03105,0.1574,0.3643,5.64,9.61,3.70078,4.369,0.116,16.6375,13.804,0.1027,3.05,16.7,13.45,20.657,24.7612,0.02987,33.89,24.5718,0.202943,0.03087,1.294,0.03127,26.3,0.0294,6.123,4.964568
36.75,0.02404,3.24e-05,0.1825,7.591612977,1.9845,0.03086,0.1524,0.3519,5.42,9.247,3.559048,4.204,0.112,16.1051,13.311,0.0997,2.931,16.2,12.94,19.976,23.9198,0.02963,32.6,23.7031,0.196186,0.03045,1.249,0.03074,25.3,0.0289,5.899,4.77911
37.25,0.02375,3.19e-05,0.1771,7.345735637,10.185,0.03086,0.1478,0.3379,5.22,8.93,3.42519,4.05,0.11,15.4396,12.8673,0.09692,2.827,15.5,12.51,19.295,23.0784,0.02927,31.53,22.8344,0.190128,0.03003,1.203,0.030316,24.3,0.0285,5.676,4.600785
37.75,0.02356,3.16e-05,0.1717,7.099858297,9.835,0.03068,0.1434,0.3271,5.03,8.622,3.299206,3.903,0.107,14.9072,12.4236,0.09431,2.723,15.0,12.08,18.614,22.237,0.02904,30.46,21.9657,0.18407,0.02961,1.158,0.029998,23.6,0.0282,5.452,4.436726
38.25,0.02337,3.11e-05,0.1668,6.853980957,9.485,0.03068,0.1392,0.3147,4.85,8.332,3.181096,3.761,0.104,14.5079,12.0292,0.0917,2.626,14.6,11.66,18.0465,21.5158,0.02868,29.39,21.2211,0.178478,0.0293,1.117,0.029574,22.8,0.0278,5.273,4.272667
38.75,0.02318,3.07e-05,0.1622,6.608103617,9.17,0.03049,0.1352,0.3038,4.68,8.06,3.07086,3.631,0.102,13.9755,11.6348,0.08944,2.53,14.1,11.23,17.3655,20.7946,0.02844,28.53,20.4765,0.173119,0.02888,1.076,0.02915,22.0,0.0275,5.095,4.122874
39.25,0.02299,3.04e-05,0.1576,6.394113124,8.89,0.03049,0.1313,0.293,4.52,7.788,2.960624,3.501,0.099,13.5762,11.2404,0.087,2.44,13.7,10.88,16.798,20.0734,0.0282,27.67,19.856,0.168226,0.02856,1.04,0.028832,21.2,0.0271,4.916,3.980214
39.75,0.0228,2.99e-05,0.1533,6.200583106,8.61,0.03031,0.1279,0.2837,4.36,7.543,2.858262,3.383,0.0968,13.08373,10.8953,0.08491,2.358,13.2,10.46,16.344,19.3522,0.02797,26.6,19.1114,0.163333,0.02825,1.003,0.028514,20.7,0.0268,4.737,3.837554
40.25,0.02261,2.96e-05,0.1493,6.007053087,8.33,0.03012,0.1244,0.2744,4.21,7.298,2.763774,3.265,0.0946,12.65781,10.5502,0.08282,2.277,12.8,10.11,15.7765,18.7512,0.02773,25.74,18.4909,0.158673,0.02793,0.9716,0.028196,19.9,0.0265,4.603,3.70916
40.75,0.02242,2.93e-05,0.1455,5.813523069,8.05,0.03012,0.1212,0.2651,4.07,7.062,2.669286,3.153,0.0926,12.25851,10.2051,0.08091,2.202,12.4,9.77,15.3225,18.1502,0.02749,25.1,17.8704,0.154479,0.02762,0.9398,0.027878,19.3,0.0262,4.447,3.580766
41.25,0.02223,2.89e-05,0.142,5.61999305,7.805,0.02994,0.1179,0.2573,3.93,6.836,2.574798,3.052,0.0905,11.87252,9.9093,0.079,2.128,12.0,9.513,14.755,17.5492,0.02725,24.24,17.374,0.150285,0.0273,0.908,0.02756,18.7,0.026,4.299,3.466638
41.75,0.02204,2.87e-05,0.1385,5.434886154,7.595,0.02994,0.115,0.248,3.8,6.627,2.496058,2.952,0.0888,11.49984,9.6135,0.07726,2.061,11.7,9.17,14.301,17.0684,0.02713,23.6,16.7535,0.146324,0.02699,0.8808,0.027242,18.1,0.0257,4.161,3.35251
42.25,0.02195,2.83e-05,0.135,5.283438085,7.35,0.02975,0.1121,0.2403,3.67,6.428,2.409444,2.852,0.0868,11.15378,9.3177,0.07552,1.994,11.2,8.913,13.9605,16.4674,0.02689,22.74,16.2571,0.142596,0.02678,0.849,0.02703,17.6,0.0255,4.027,3.238382
42.75,0.02176,2.81e-05,0.132,5.131990015,7.14,0.02975,0.1094,0.2341,3.56,6.228,2.338578,2.763,0.0852,10.80772,9.0219,0.07395,1.927,10.9,8.57,13.5065,15.9866,0.02678,22.09,15.7607,0.138868,0.02646,0.8217,0.026712,17.0,0.0252,3.901,3.13852
43.25,0.02166,2.78e-05,0.1287,4.980541945,6.93,0.02975,0.1068,0.2263,3.44,6.047,2.259838,2.675,0.0834,10.48828,8.7754,0.07238,1.867,10.5,8.339,13.0525,15.5058,0.02654,21.43,15.2643,0.135606,0.02625,0.799,0.0265,16.5,0.025,3.781,3.038658
43.75,0.02147,2.75e-05,0.126,4.829093875,6.72,0.02957,0.1043,0.2201,3.33,5.866,2.188972,2.592,0.0818,10.18215,8.4796,0.07082,1.808,10.2,8.082,12.712,15.025,0.02642,20.81,14.7679,0.132344,0.02604,0.7763,0.026288,16.0,0.0248,3.66,2.938796
44.25,0.02138,2.72e-05,0.1231,4.677645806,6.545,0.02957,0.102,0.2139,3.24,5.693,2.12598,2.509,0.0805,9.87602,8.2331,0.06943,1.756,9.93,7.833,12.3715,14.5442,0.02618,20.21,14.3956,0.129082,0.02573,0.7491,0.026076,15.6,0.0246,3.548,2.8532
44.75,0.02128,2.7e-05,0.1206,4.539230094,6.335,0.02938,0.09965,0.2077,3.14,5.53,2.055114,2.432,0.0789,9.59651,8.0359,0.06821,1.704,9.64,7.602,12.031,14.1836,0.02606,19.63,13.8992,0.126053,0.02552,0.7264,0.025758,15.1,0.0244,3.441,2.760471
45.25,0.02109,2.68e-05,0.1179,4.418961407,6.16,0.02938,0.09754,0.2015,3.04,5.367,1.992122,2.362,0.0776,9.317,7.7894,0.06682,1.652,9.34,7.37,11.6905,13.7028,0.02582,19.07,13.5269,0.123257,0.02531,0.7082,0.025546,14.7,0.0242,3.338,2.682008
45.75,0.021,2.66e-05,0.1155,4.298692719,5.985,0.0292,0.09542,0.1953,2.95,5.222,1.937004,2.291,0.0763,9.06411,7.5922,0.0656,1.6,9.07,7.156,11.3273,13.3422,0.0257,18.53,13.1546,0.120461,0.0251,0.6855,0.02544,14.3,0.024,3.24,2.596412
46.25,0.0209,2.64e-05,0.1134,4.178424032,5.845,0.0292,0.09331,0.1907,2.86,5.077,1.881886,2.22,0.0749,8.81122,7.3457,0.06438,1.555,8.8,6.95,11.0095,12.9816,0.02559,18.02,12.7823,0.117898,0.02499,0.6674,0.025228,13.9,0.0238,3.146,2.525082
46.75,0.02081,2.62e-05,0.1109,4.058155344,5.67,0.0292,0.09139,0.1845,2.78,4.932,1.826768,2.155,0.0738,8.57164,7.1485,0.06316,1.51,8.54,6.745,10.7144,12.621,0.02547,17.52,12.39759,0.115335,0.02478,0.6492,0.025016,13.5,0.0236,3.052,2.446619
47.25,0.02062,2.59e-05,0.1088,3.937886657,5.53,0.02901,0.08966,0.1798,2.7,4.796,1.77165,2.096,0.0727,8.33206,6.9513,0.06212,1.466,8.3,6.556,10.4193,12.2604,0.02535,17.03,12.05011,0.113005,0.02457,0.6311,0.024804,13.1,0.0235,2.967,2.375289
47.75,0.02052,2.58e-05,0.1069,3.82386831,5.355,0.02901,0.08794,0.1752,2.62,4.669,1.724406,2.031,0.0714,8.10579,6.7541,0.06107,1.421,8.05,6.368,10.1469,11.87576,0.02523,16.58,11.70263,0.110675,0.02436,0.6129,0.024698,12.8,0.0233,2.883,2.311092
48.25,0.02043,2.56e-05,0.1047,3.729992415,5.215,0.02883,0.08621,0.1705,2.55,4.542,1.677162,1.978,0.0705,7.89283,6.6062,0.06003,1.384,7.83,6.188,9.8745,11.55122,0.02499,16.15,11.37997,0.108345,0.02426,0.5947,0.024486,12.4,0.0231,2.802,2.246895
48.75,0.02033,2.54e-05,0.1028,3.636116519,5.075,0.02883,0.08448,0.1659,2.47,4.424,1.629918,1.919,0.0694,7.67987,6.409,0.05916,1.347,7.6,6.016,9.61345,11.22668,0.02487,15.72,11.06972,0.106248,0.02405,0.5811,0.024274,12.1,0.023,2.722,2.182698
49.25,0.02024,2.52e-05,0.1012,3.542240624,4.97,0.02883,0.08294,0.1628,2.41,4.315,1.582674,1.866,0.0685,7.48022,6.2611,0.05812,1.309,7.4,5.853,9.36375,10.92618,0.02475,15.32,10.77188,0.104151,0.02394,0.5675,0.024168,11.8,0.0228,2.65,2.118501
49.75,0.02014,2.51e-05,0.09932,3.448364728,4.83,0.02864,0.08141,0.1581,2.34,4.198,1.543304,1.818,0.0674,7.29388,6.0639,0.05725,1.272,7.2,5.69,9.1254,10.6377,0.02463,14.91,10.48645,0.102054,0.02373,0.5493,0.023956,11.5,0.0227,2.574,2.061437
50.25,0.02005,2.49e-05,0.0977,3.354488833,4.69,0.02864,0.08006,0.1541,2.28,4.098,1.503934,1.765,0.0665,7.10754,5.916,0.05638,1.242,7.0,5.536,8.8984,10.34922,0.02451,14.54,10.20102,0.10019,0.02363,0.5357,0.02385,11.2,0.0226,2.507,2.004373
50.75,0.01995,2.47e-05,0.09608,3.260612937,4.585,0.02864,0.07853,0.1504,2.21,3.989,1.45669,1.718,0.0656,6.9212,5.7681,0.05551,1.205,6.81,5.391,8.6714,10.08478,0.02451,14.16,9.94041,0.098326,0.02342,0.5221,0.023744,10.9,0.0224,2.44,1.954442
51.25,0.01995,2.46e-05,0.09447,3.179723582,4.48,0.02846,0.07718,0.1468,2.16,3.889,1.425194,1.671,0.0647,6.74817,5.6202,0.05481,1.176,6.63,5.253,8.45575,9.82034,0.0244,13.81,9.6798,0.096695,0.02331,0.5085,0.023532,10.6,0.0223,2.373,1.904511
51.75,0.01986,2.45e-05,0.09312,3.106488763,4.34,0.02846,0.07603,0.1434,2.11,3.79,1.385824,1.63,0.064,6.58845,5.4723,0.05394,1.146,6.46,5.116,8.2401,9.56792,0.02428,13.47,9.41919,0.095064,0.02321,0.4994,0.023426,10.4,0.0222,2.31,1.85458
52.25,0.01976,2.43e-05,0.0915,3.033253944,4.235,0.02846,0.07469,0.14,2.05,3.699,1.354328,1.588,0.0631,6.41542,5.3244,0.05324,1.116,6.29,4.979,8.0358,9.3155,0.02416,13.13,9.1834,0.093433,0.0231,0.4858,0.02332,10.1,0.022,2.252,1.804649
52.75,0.01967,2.42e-05,0.09015,2.960019126,4.13,0.02827,0.07354,0.1367,2.0,3.608,1.314958,1.547,0.0624,6.26901,5.2258,0.05255,1.094,6.13,4.851,7.84285,9.08712,0.02404,12.83,8.94761,0.091802,0.02289,0.4722,0.023214,9.86,0.0219,2.194,1.754718
53.25,0.01957,2.4e-05,0.0888,2.886784307,4.025,0.02827,0.07238,0.1336,1.94,3.527,1.283462,1.506,0.0616,6.10929,5.0779,0.05185,1.064,5.97,4.731,7.66125,8.85874,0.02392,12.51,8.72423,0.090171,0.02279,0.4631,0.023002,9.63,0.0218,2.136,1.71192
53.75,0.01948,2.39e-05,0.08745,2.813549489,3.955,0.02827,0.07123,0.1307,1.9,3.445,1.251966,1.47,0.0609,5.97619,4.93,0.05116,1.034,5.83,4.611,7.47965,8.63036,0.0238,12.21,8.50085,0.088773,0.02268,0.4517,0.022896,9.4,0.0217,2.083,1.669122
54.25,0.01948,2.37e-05,0.08637,2.74031467,3.85,0.02809,0.07008,0.1277,1.85,3.363,1.22047,1.435,0.0602,5.82978,4.8314,0.05063,1.012,5.67,4.499,7.29805,8.42602,0.0238,11.93,8.30229,0.087375,0.02258,0.4413,0.02279,9.19,0.0216,2.033,1.626324
54.75,0.01938,2.36e-05,0.08502,2.67630732,3.745,0.02809,0.06912,0.1249,1.8,3.282,1.188974,1.399,0.0595,5.69668,4.71308,0.04994,0.9895,5.54,4.388,7.1278,8.22168,0.02368,11.65,8.09132,0.085977,0.02247,0.4313,0.022684,8.96,0.0215,1.98,1.590659
55.25,0.01929,2.35e-05,0.08394,2.619387556,3.675,0.02809,0.06816,0.1223,1.76,3.209,1.165352,1.364,0.0589,5.56358,4.59969,0.04924,0.9672,5.41,4.276,6.9689,8.01734,0.02356,11.37,7.89276,0.084812,0.02237,0.4218,0.022578,8.76,0.0214,1.935,1.547861
55.75,0.01929,2.34e-05,0.08286,2.562467792,3.57,0.02809,0.0672,0.1198,1.72,3.137,1.133856,1.328,0.0582,5.43048,4.49123,0.04872,0.9449,5.27,4.174,6.81,7.82502,0.02356,11.11,7.70661,0.083414,0.02226,0.4122,0.022472,8.55,0.0213,1.886,1.512196
56.25,0.01919,2.33e-05,0.08178,2.505548028,3.4965,0.0279,0.06624,0.1172,1.68,3.064,1.110234,1.299,0.0575,5.31069,4.3877,0.0482,0.9226,5.14,4.071,6.6511,7.64472,0.02344,10.85,7.52046,0.082249,0.02216,0.4032,0.022366,8.36,0.0212,1.841,1.476531
56.75,0.0191,2.31e-05,0.0807,2.448628264,3.4125,0.0279,0.06528,0.1149,1.64,2.992,1.086612,1.269,0.0571,5.1909,4.28417,0.04768,0.9002,5.02,3.976,6.50355,7.4524,0.02332,10.62,7.34672,0.081084,0.02205,0.3945,0.02226,8.18,0.0211,1.797,1.440866
57.25,0.019,2.31e-05,0.07962,2.3917085,3.3355,0.0279,0.06451,0.1125,1.6,13.69,1.06299,1.24,0.0564,5.07111,4.18557,0.04715,0.8779,4.91,3.882,6.356,7.28412,0.02321,10.38,7.17298,0.079919,0.02195,0.3859,0.022154,7.99,0.021,1.752,1.405201
57.75,0.019,2.3e-05,0.07854,2.334788736,3.2585,0.02772,0.06355,0.1102,1.56,13.42,1.039368,1.21,0.056,4.96463,4.0919,0.04663,0.863,4.79,3.788,6.2198,7.11584,0.02321,10.15,6.99924,0.078754,0.02184,0.3777,0.022048,7.82,0.0209,1.712,1.376669
58.25,0.01891,2.29e-05,0.07773,2.278004374,3.185,0.02772,0.06278,0.108,1.52,13.15,1.015746,1.181,0.0553,4.85815,3.99823,0.04611,0.8407,4.68,3.702,6.0836,6.94756,0.02309,9.931,6.83791,0.077822,0.02174,0.37,0.021942,7.64,0.0208,1.671,1.341004
58.75,0.01891,2.28e-05,0.07665,2.230358756,3.115,0.02772,0.06202,0.106,1.5,12.87,0.992124,1.151,0.0549,4.75167,3.90949,0.04559,0.8258,4.57,3.617,5.9474,6.7913,0.02309,9.717,6.68899,0.076657,0.02163,0.3623,0.021942,7.49,0.0208,1.636,1.312472
59.25,0.01881,2.27e-05,0.07584,2.182713137,3.045,0.02772,0.06125,0.104,1.46,12.6,0.968502,1.128,0.0544,4.64519,3.82075,0.04524,0.8035,4.47,3.539,5.82255,6.63504,0.02297,9.502,6.54007,0.075725,0.02163,0.355,0.021836,7.32,0.0207,1.595,1.28394
59.75,0.01872,2.25e-05,0.07503,2.135067519,2.9785,0.02754,0.06048,0.102,1.43,12.33,0.94488,1.104,0.054,4.55202,3.73694,0.04472,0.7886,4.36,3.454,5.6977,6.4908,0.02285,9.309,6.39115,0.074793,0.02153,0.3478,0.02173,7.16,0.0206,1.56,1.255408
60.25,0.01872,2.25e-05,0.07422,2.090322542,2.912,0.02754,0.05971,0.1001,1.4,12.06,0.929132,1.08,0.0535,4.45885,3.65313,0.0442,0.7738,4.27,3.377,5.57285,6.34656,0.02285,9.116,6.24223,0.073861,0.02142,0.341,0.021624,7.01,0.0205,1.524,1.226876
60.75,0.01862,2.24e-05,0.07341,2.046354672,2.849,0.02754,0.05894,0.09827,1.36,11.88,0.90551,1.057,0.0531,4.36568,3.57425,0.04385,0.7589,4.18,3.299,5.45935,6.20232,0.02273,8.923,6.10572,0.072929,0.02132,0.3341,0.021518,6.87,0.0204,1.493,1.198344
61.25,0.01862,2.23e-05,0.0726,6.54545842,2.7895,0.02735,0.05837,0.09641,1.34,11.6,0.889762,1.033,0.0526,4.27251,3.49537,0.0435,0.7403,4.09,3.231,5.34585,6.0701,0.02273,8.73,5.96921,0.071997,0.02121,0.3278,0.021412,6.72,0.0204,1.457,1.176945
61.75,0.01853,2.23e-05,0.07179,9.156874665,2.73,0.02735,0.0576,0.09471,1.31,11.33,0.874014,1.01,0.0522,4.17934,3.42142,0.04298,0.7254,4.0,3.162,5.23235,5.93788,0.02261,8.559,5.84511,0.071065,0.02121,0.3214,0.021412,6.58,0.0203,1.426,1.148413
62.25,0.01853,2.22e-05,0.07098,8.973618882,2.674,0.02735,0.05702,0.093,1.28,11.15,0.850392,0.986,0.0517,4.09948,3.34747,0.04263,0.7105,3.9,3.094,5.1302,5.80566,0.02261,8.387,5.72101,0.070366,0.02111,0.3155,0.021306,6.45,0.0202,1.394,1.127014
62.75,0.01843,2.21e-05,0.07044,8.810125412,2.618,0.02735,0.05645,0.09145,1.25,10.88,0.834644,0.9683,0.0513,4.01962,3.27845,0.04228,0.6964,3.82,3.025,5.02805,5.68546,0.02249,8.215,5.59691,0.069434,0.021,0.3096,0.0212,6.33,0.0201,1.368,1.105615
63.25,0.01843,2.19e-05,0.06963,8.649291752,2.562,0.02717,0.05587,0.0899,1.23,10.7,0.818896,0.9446,0.0508,3.93976,3.20943,0.04193,0.683,3.74,2.957,4.9259,5.56526,0.02249,8.044,5.47281,0.068735,0.021,0.3037,0.0212,6.2,0.0201,1.336,1.077083
63.75,0.01834,2.19e-05,0.06882,8.488458092,2.5095,0.02717,0.0553,0.08835,1.2,10.52,0.803148,0.9269,0.0504,3.8599,3.14041,0.04159,0.6696,3.66,2.897,4.82375,5.44506,0.02237,7.894,5.36112,0.068036,0.0209,0.2983,0.021094,6.08,0.02,1.309,1.055684
64.25,0.01834,2.18e-05,0.06828,8.327624431,2.457,0.02717,0.05472,0.0868,1.18,10.24,0.7874,0.9092,0.0502,3.78004,3.07632,0.04124,0.657,3.59,2.837,4.73295,5.33688,0.02237,7.722,5.24943,0.067104,0.02079,0.2928,0.020988,5.96,0.0199,1.283,1.034285
64.75,0.01824,2.18e-05,0.06774,8.166790771,2.408,0.02717,0.05414,0.08541,1.16,10.06,0.773227,0.8915,0.0497,3.71349,3.01716,0.04089,0.6443,3.52,2.777,4.64215,5.21668,0.02225,7.572,5.13774,0.066405,0.02079,0.2878,0.020988,5.85,0.0199,1.256,1.012886
65.25,0.01824,2.17e-05,0.06694,8.005957111,2.359,0.02698,0.05357,0.08401,1.13,9.882,0.758266,0.8738,0.0495,16.3713,2.95307,0.04054,0.6317,3.44,2.717,4.55135,5.12052,0.02225,7.443,5.03846,0.065706,0.02069,0.2828,0.020882,5.73,0.0198,1.229,0.991487
65.75,0.01815,2.16e-05,0.0664,7.845123451,2.3135,0.02698,0.05299,0.08262,1.11,9.701,0.744093,0.8561,0.0491,16.1051,2.89391,0.04019,0.6205,3.37,2.665,4.46055,5.01234,0.02213,7.293,4.92677,0.065007,0.02058,0.2778,0.020776,5.62,0.0197,1.202,0.977221
66.25,0.01815,2.16e-05,0.06586,7.684289791,2.2645,0.02698,0.05261,0.08138,1.08,9.519,0.72992,0.8384,0.0488,15.7058,2.83475,0.04002,0.6086,3.3,2.614,4.3811,4.90416,0.02213,7.143,4.82749,0.064541,0.02058,0.2729,0.020776,5.52,0.0197,1.18,0.955822
66.75,0.01805,2.15e-05,0.06532,7.533336479,2.2225,0.02698,0.05203,0.07998,1.07,9.338,0.716534,0.8207,0.0484,15.4396,2.78052,0.03967,0.5974,3.23,2.562,4.2903,4.808,0.02202,7.014,4.72821,0.063842,0.02048,0.2683,0.02067,5.4,0.0196,1.157,0.934423
67.25,0.01805,2.15e-05,0.06478,7.404005013,2.177,0.02698,0.05165,0.07874,1.05,9.157,0.703148,0.8029,0.0482,15.1734,2.72629,0.03932,0.587,3.17,2.511,4.21085,4.71184,0.02202,6.885,4.64134,0.063143,0.02037,0.2638,0.020564,5.31,0.0196,1.131,0.920157
67.75,0.01796,2.13e-05,0.06424,7.274673547,2.135,0.0268,0.05107,0.07766,1.03,8.984,0.69055,0.7911,0.0477,14.9072,2.67206,0.03915,0.5766,3.11,2.46,4.1314,4.61568,0.0219,6.757,4.54206,0.062677,0.02037,0.2597,0.020564,5.21,0.0195,1.108,0.898758
68.25,0.01796,2.13e-05,0.0637,7.145342082,2.093,0.0268,0.05069,0.07642,1.0,8.812,0.677951,0.7734,0.0475,14.641,2.61783,0.0388,0.5662,3.05,2.408,4.0633,4.53154,0.0219,6.628,4.45519,0.061978,0.02027,0.2556,0.020458,5.12,0.0194,1.086,0.884492
68.75,0.01786,2.12e-05,0.06316,7.016010616,2.0545,0.0268,0.05011,0.07533,0.986,8.649,0.66614,0.7616,0.0473,14.2417,2.56853,0.03845,0.5565,2.98,2.365,3.98385,4.4474,0.02178,6.521,4.36832,0.061512,0.02027,0.2511,0.020458,5.02,0.0194,1.068,0.870226
69.25,0.01786,2.11e-05,0.06262,6.88667915,2.016,0.0268,0.04973,0.07425,0.968,8.486,0.654329,0.7439,0.0468,14.1086,2.51923,0.03828,0.5468,2.93,2.314,3.91575,4.35124,0.02178,6.392,4.28145,0.060813,0.02016,0.2474,0.020352,4.92,0.0193,1.046,0.848827
69.75,0.01777,2.11e-05,0.06208,6.757347684,1.9775,0.02661,0.04934,0.07316,0.95,8.332,0.642518,0.7321,0.0466,13.8424,2.47486,0.03793,0.5372,2.87,2.271,3.8363,4.2671,0.02166,6.285,4.20699,0.060347,0.02016,0.2433,0.020352,21.2,0.0193,1.028,0.834561
70.25,0.01777,2.1e-05,0.06154,6.628016218,1.939,0.02661,0.04896,0.07208,0.941,8.178,0.631495,0.7203,0.0464,13.5762,2.42556,0.03776,0.5282,2.82,2.228,3.7682,4.19498,0.02166,6.178,4.12012,0.059881,0.02006,0.2397,0.020246,20.8,0.0192,1.006,0.820295
70.75,0.01777,2.1e-05,0.06127,6.498684753,1.904,0.02661,0.04858,0.07099,0.923,8.032,0.621259,0.7085,0.0462,13.29669,2.38119,0.03758,0.5193,2.76,2.185,3.71145,4.11084,0.02166,6.049,4.04566,0.059415,0.02006,0.2361,0.020246,20.5,0.0192,0.9876,0.806029
71.25,0.01767,2.09e-05,0.06073,6.371792586,1.869,0.02661,0.04819,0.07006,0.905,7.878,0.610235,0.6908,0.0457,13.05711,2.33682,0.03724,0.5111,2.71,2.143,3.64335,4.03872,0.02154,5.942,3.9712,0.058716,0.01995,0.2324,0.02014,20.1,0.0191,0.9698,0.791763
71.75,0.01767,2.09e-05,0.06019,6.269783021,1.834,0.02643,0.04781,0.06913,0.888,7.742,0.599999,0.679,0.0455,12.81753,2.29245,0.03706,0.5029,2.66,2.108,3.57525,3.95458,0.02154,5.856,3.89674,0.05825,0.01985,0.2288,0.02014,19.9,0.0191,0.9519,0.777497
72.25,0.01758,2.09e-05,0.05992,6.167773456,1.8025,0.02643,0.04742,0.0682,0.872,7.597,0.59055,0.6672,0.0453,12.59126,2.25301,0.03689,0.4948,2.62,2.065,3.5185,3.88246,0.02142,5.749,3.82228,0.057784,0.01985,0.2256,0.020034,19.5,0.019,0.934,0.763231
72.75,0.01758,2.07e-05,0.05938,6.065763891,1.7675,0.02643,0.04704,0.06727,0.858,7.47,0.580314,0.6553,0.0451,12.3783,2.20864,0.03654,0.4866,2.57,2.031,3.4504,3.81034,0.02142,5.641,3.74782,0.057318,0.01974,0.222,0.020034,19.1,0.019,0.9161,0.748965
73.25,0.01758,2.07e-05,0.05911,5.963754326,1.736,0.02643,0.04666,0.06634,0.842,7.334,0.570865,0.6435,0.0448,12.16534,2.1692,0.03637,0.4791,2.51,1.988,3.39365,3.73822,0.02142,5.556,3.68577,0.056852,0.01974,0.2188,0.019928,18.8,0.0189,0.8983,0.734699
73.75,0.01748,2.06e-05,0.05857,5.86174476,1.7045,0.02643,0.04627,0.06557,0.829,7.207,0.562204,0.6317,0.0446,11.95238,2.12976,0.03619,0.4717,2.47,1.954,3.3369,3.67812,0.0213,5.448,3.62372,0.056386,0.01974,0.2157,0.019928,18.4,0.0189,0.8849,0.727566
74.25,0.01748,2.06e-05,0.0583,5.759735195,1.6765,0.02624,0.04608,0.06464,0.815,7.081,0.552755,0.6258,0.0444,11.73942,2.09525,0.03602,0.4643,2.43,1.92,3.28015,3.606,0.0213,5.363,3.54926,0.056153,0.01964,0.2129,0.019822,18.1,0.0188,0.867,0.712587
74.75,0.01748,2.05e-05,0.05776,5.65772563,1.645,0.02624,0.0457,0.06386,0.801,6.954,0.544093,0.614,0.0442,11.53977,2.05581,0.03567,0.4568,2.38,1.885,3.2234,3.5459,0.0213,5.277,3.48721,0.055687,0.01964,0.2097,0.019822,17.8,0.0188,0.8536,0.701174
75.25,0.01739,2.05e-05,0.05749,5.555716065,1.617,0.02624,0.04531,0.06309,0.788,6.836,0.536219,0.6022,0.0439,11.35343,2.0213,0.0355,0.4501,2.34,1.851,3.178,3.4858,0.02118,5.191,3.42516,0.055221,0.01953,0.207,0.019716,17.5,0.0187,0.8357,0.689048
75.75,0.01739,2.04e-05,0.05722,5.4537065,1.589,0.02624,0.04512,0.06231,0.775,6.718,0.527558,0.5904,0.0437,11.15378,1.98679,0.03532,0.4434,2.3,1.817,3.12125,3.4257,0.02118,5.105,3.36311,0.054755,0.01953,0.2043,0.019716,17.2,0.0187,0.8223,0.677635
76.25,0.01729,2.04e-05,0.05668,5.356568751,1.561,0.02624,0.04474,0.06154,0.763,6.6,0.519684,0.5827,0.0435,10.96744,1.95228,0.03515,0.4367,2.26,1.791,3.07585,3.3656,0.02118,5.019,3.31347,0.054522,0.01943,0.2016,0.01961,16.9,0.0187,0.8089,0.666936
76.75,0.01729,2.04e-05,0.05641,5.275885643,1.5365,0.02606,0.04454,0.06076,0.751,6.491,0.51181,0.5733,0.0433,10.79441,1.91777,0.03497,0.43,2.22,1.757,3.0191,3.3055,0.02106,4.934,3.25142,0.054056,0.01943,0.1989,0.01961,16.6,0.0186,0.7955,0.656236
77.25,0.01729,2.02e-05,0.05614,5.195202536,1.5085,0.02606,0.04416,0.05999,0.738,6.382,0.503936,0.5638,0.043,10.60807,1.88326,0.0348,0.4241,2.19,1.731,2.9737,3.2454,0.02106,4.869,3.18937,0.05359,0.01932,0.1961,0.019504,16.4,0.0186,0.7821,0.645537
77.75,0.0172,2.02e-05,0.0556,5.114519428,1.484,0.02606,0.04397,0.05937,0.728,6.274,0.496849,0.555,0.0428,10.43504,1.85368,0.03463,0.4174,2.15,1.697,2.9283,3.1853,0.02094,4.783,3.13973,0.053357,0.01932,0.1934,0.019504,16.1,0.0185,0.7687,0.63555
78.25,0.0172,2.01e-05,0.05533,5.033836321,1.4595,0.02606,0.04358,0.05859,0.716,6.174,0.489763,0.5461,0.0426,10.27532,1.81917,0.03445,0.4114,2.11,1.671,2.8829,3.13722,0.02094,20.03,3.09009,0.052891,0.01932,0.1911,0.019504,15.8,0.0185,0.7553,0.625564
78.75,0.0172,2.01e-05,0.05506,4.953153213,1.435,0.02587,0.04339,0.05797,0.705,6.074,0.482676,0.5373,0.0426,10.10229,1.78959,0.03428,0.4062,2.08,1.645,2.8375,3.08914,0.02094,19.58,3.04045,0.052658,0.01922,0.1889,0.019398,15.6,0.0184,0.7419,0.615578
79.25,0.0171,2.01e-05,0.05479,4.872470106,1.4105,0.02587,0.04301,0.05735,0.694,5.974,0.47559,0.529,0.0424,9.94257,1.76001,0.0341,0.4003,2.04,1.611,2.7921,3.02904,0.02083,19.13,2.9784,0.052192,0.01922,0.1861,0.019398,15.3,0.0184,0.7284,0.606305
79.75,0.0171,2e-05,0.05452,4.791786998,1.386,0.02587,0.04282,0.05673,0.684,5.875,0.468503,0.5207,0.0422,9.78285,1.73043,0.03393,0.3951,2.0,1.585,2.7467,2.98096,0.02083,18.73,2.92876,0.051959,0.01911,0.1839,0.019292,15.1,0.0184,0.7195,0.596319
80.25,0.0171,2e-05,0.05425,4.711103891,1.365,0.02587,0.04262,0.05611,0.674,5.775,0.462204,0.5131,0.0419,9.62313,1.70085,0.03376,0.3891,1.97,1.56,2.7013,2.93288,0.02083,18.34,2.89153,0.051493,0.01911,0.1816,0.019292,14.8,0.0183,0.7061,0.587759
80.75,0.01701,2e-05,0.05398,4.630420784,1.3405,0.02587,0.04224,0.05549,0.663,5.684,0.455905,0.5048,0.0417,9.47672,1.6762,0.03358,0.3839,1.94,1.534,2.66725,2.8848,0.02071,17.98,2.84189,0.05126,0.01901,0.1793,0.019292,14.6,0.0183,0.6972,0.578486
81.25,0.01701,1.99e-05,0.05371,4.549737676,1.3195,0.02569,0.04205,0.05487,0.654,5.594,0.449605,0.4971,0.0417,9.33031,1.64662,0.03341,0.3787,1.91,1.508,2.62185,2.83672,0.02071,17.61,2.79225,0.051027,0.01901,0.1775,0.019186,14.4,0.0182,0.6838,0.569927
81.75,0.01701,1.99e-05,0.05317,4.480213618,1.2985,0.02569,0.04186,0.05425,0.644,5.503,0.443306,0.49,0.0415,9.1839,1.62197,0.03341,0.3742,1.88,1.483,2.57645,2.78864,0.02071,17.27,2.74261,0.050561,0.01901,0.1752,0.019186,14.2,0.0182,0.6748,0.561367
82.25,0.01691,1.98e-05,0.0529,4.415768941,1.2775,0.02569,0.04166,0.05363,0.635,5.421,0.437007,0.4824,0.0413,9.03749,1.59239,0.03323,0.369,1.85,1.465,2.5424,2.74056,0.02071,16.95,2.70538,0.050328,0.0189,0.1734,0.01908,13.9,0.0182,0.6614,0.553521
82.75,0.01691,1.98e-05,0.05263,4.351324264,1.2565,0.02569,0.04128,0.05317,0.625,5.34,0.431495,0.4753,0.041,8.90439,1.56774,0.03306,0.3638,1.82,1.44,2.50835,2.7045,0.02059,16.65,2.65574,0.050095,0.0189,0.1712,0.01908,13.7,0.0181,0.6525,0.545675
83.25,0.01691,1.98e-05,0.05236,4.286879586,1.239,0.02569,0.04109,0.05255,0.617,5.249,0.425983,0.4688,0.041,8.77129,1.54309,0.03289,0.3594,1.79,1.414,2.46295,2.65642,0.02059,16.37,2.61851,0.049862,0.0189,0.1693,0.01908,13.5,0.0181,0.6435,0.537828
83.75,0.01682,1.96e-05,0.05236,4.222434909,1.218,0.0255,0.0409,0.05208,0.608,5.168,0.419684,0.4617,0.0408,8.63819,1.51844,0.03271,0.3549,1.76,1.397,2.4289,2.62036,0.02059,16.09,2.58128,0.049396,0.0188,0.1675,0.018974,13.3,0.0181,0.6301,0.529982
84.25,0.01682,1.96e-05,0.05209,4.157990232,1.2005,0.0255,0.0407,0.05146,0.599,5.095,0.41496,0.4552,0.0406,8.50509,1.49379,0.03254,0.3504,1.74,1.371,2.39485,2.57228,0.02047,15.81,2.53164,0.049163,0.0188,0.1653,0.018974,13.1,0.018,0.6212,0.522136
84.75,0.01682,1.96e-05,0.05182,4.093545555,1.1795,0.0255,0.04051,0.051,0.591,5.013,0.409448,0.4487,0.0406,8.37199,1.47407,0.03254,0.346,1.71,1.354,2.3608,2.53622,0.02047,15.55,2.49441,0.04893,0.0188,0.1634,0.018974,12.9,0.018,0.6123,0.515003
85.25,0.01682,1.95e-05,0.05155,4.029100878,1.162,0.0255,0.04032,0.05053,0.583,4.941,0.403936,0.4422,0.0404,8.2522,1.44942,0.03236,0.3415,1.69,1.328,2.32675,2.50016,0.02047,15.32,2.45718,0.048697,0.01869,0.1621,0.018868,12.7,0.018,0.6033,0.50787
85.75,0.01672,1.95e-05,0.05128,3.964656201,1.1445,0.0255,0.04013,0.05007,0.575,4.868,0.399212,0.4363,0.0401,8.13241,1.42477,0.03219,0.3378,1.66,1.311,2.2927,2.4641,0.02035,15.08,2.41995,0.048464,0.01869,0.1603,0.018868,12.6,0.0179,0.5944,0.500737
86.25,0.01672,1.95e-05,0.05101,3.900211524,1.127,0.0255,0.03994,0.0496,0.568,4.787,0.3937,0.4298,0.0401,8.01262,1.40505,0.03202,0.3333,1.64,1.294,2.25865,2.41602,0.02035,14.86,2.38272,0.048231,0.01859,0.1584,0.018762,12.4,0.0179,0.5854,0.493604
86.75,0.01672,1.94e-05,0.05074,3.835766846,1.1095,0.02532,0.03974,0.04914,0.56,4.723,0.388976,0.4239,0.0399,7.89283,1.38533,0.03202,0.3296,1.61,1.268,2.2246,2.37996,0.02035,14.65,2.34549,0.047998,0.01859,0.1566,0.018762,12.2,0.0179,0.5765,0.487184
87.25,0.01663,1.94e-05,0.05047,3.777198891,1.092,0.02532,0.03955,0.04867,0.553,4.651,0.384251,0.418,0.0397,7.77304,1.36068,0.03184,0.3259,1.58,1.251,2.2019,2.3439,0.02035,14.44,2.30826,0.047765,0.01859,0.1553,0.018762,12.0,0.0178,0.5676,0.480764
87.75,0.01663,1.94e-05,0.0502,3.726792536,1.078,0.02532,0.03936,0.04821,0.546,4.578,0.379527,0.4127,0.0397,7.66656,1.34096,0.03167,0.3222,1.55,1.234,2.16785,2.30784,0.02023,14.22,2.28344,0.047299,0.01848,0.1535,0.018656,11.8,0.0178,0.5586,0.474345
88.25,0.01663,1.93e-05,0.0502,3.67638618,1.0605,0.02532,0.03917,0.04774,0.539,4.515,0.374802,0.4068,0.0395,7.56008,1.32124,0.03167,0.3177,1.53,1.217,8.59195,2.2838,0.02023,14.03,2.24621,0.047066,0.01848,0.1521,0.018656,11.7,0.0178,0.5497,0.467925
88.75,0.01663,1.93e-05,0.04993,3.625979825,1.0465,0.02532,0.03898,0.04728,0.531,4.451,0.370865,0.4015,0.0395,7.4536,1.30152,0.03149,0.3147,1.51,1.2,8.47845,2.24774,0.02023,13.86,2.20898,0.046833,0.01848,0.1503,0.018656,11.5,0.0177,0.5452,0.461505
89.25,0.01653,1.93e-05,0.04966,3.575573469,1.029,0.02513,0.03878,0.04697,0.525,4.388,0.366141,0.3962,0.0393,7.34712,1.2818,0.03132,0.311,1.49,1.183,8.3536,2.21168,0.02011,13.66,2.18416,0.046833,0.01838,0.1489,0.01855,11.3,0.0177,0.5363,0.455799
89.75,0.01653,1.93e-05,0.04939,3.525167114,1.015,0.02513,0.03859,0.0465,0.518,4.324,0.362204,0.3908,0.0393,7.24064,1.26701,0.03132,0.3073,1.47,1.166,8.2401,2.17562,0.02011,13.49,2.14693,0.0466,0.01838,0.1476,0.01855,11.2,0.0177,0.5273,0.450092
90.25,0.01653,1.92e-05,0.04939,3.474760758,1.001,0.02513,0.0384,0.04619,0.512,4.261,0.35748,0.3861,0.039,7.13416,1.24729,0.03115,0.3036,1.45,1.148,8.11525,2.15158,0.02011,13.32,2.1097,0.046367,0.01838,0.1462,0.01855,11.0,0.0176,0.5229,0.444386
90.75,0.01644,1.92e-05,0.04912,3.424354402,0.987,0.02513,0.03821,0.04573,0.505,4.198,0.353543,0.3808,0.0388,7.04099,1.22757,0.03097,0.3006,1.43,1.131,8.00175,2.11552,0.02011,13.15,2.08488,0.046134,0.01838,0.1444,0.01855,10.9,0.0176,0.5139,0.43868
91.25,0.01644,1.92e-05,0.04885,3.373948047,0.973,0.02513,0.03802,0.04542,0.499,4.143,0.349606,0.3761,0.0388,6.93451,1.21278,0.03097,0.2969,1.41,1.114,7.8996,2.09148,0.01999,13.0,2.06006,0.045901,0.01827,0.143,0.018444,10.7,0.0176,0.505,0.432973
91.75,0.01644,1.9e-05,0.04858,3.323541691,0.959,0.02513,0.03782,0.04495,0.493,4.08,0.345669,0.3714,0.0386,6.84134,1.19306,0.0308,0.2939,1.39,1.097,7.7861,2.05542,0.01999,12.83,2.02283,0.045668,0.01827,0.1416,0.018444,10.6,0.0175,0.5005,0.42798
92.25,0.01644,1.9e-05,0.04858,3.273135336,0.945,0.02495,0.03782,0.04464,0.487,4.025,0.341732,0.3666,0.0386,6.74817,1.17827,0.0308,0.2909,1.37,1.088,7.68395,2.03138,0.01999,12.68,1.99801,0.045435,0.01827,0.1403,0.018444,10.4,0.0175,0.4916,0.422274
92.75,0.01634,1.9e-05,0.04831,3.22272898,0.931,0.02495,0.03763,0.04418,0.481,3.971,0.337795,0.3619,0.0384,6.655,1.15855,0.03062,0.2879,1.35,1.071,7.57045,1.99532,0.01999,12.53,1.97319,0.045202,0.01817,0.1394,0.018338,10.3,0.0175,0.4871,0.417281
93.25,0.01634,1.9e-05,0.04804,3.176415932,0.917,0.02495,0.03744,0.04387,0.476,3.917,0.334645,0.3578,0.0384,6.56183,1.14376,0.03045,0.285,1.33,1.054,7.4683,1.97128,0.01987,12.4,1.93596,0.044969,0.01817,0.138,0.018338,10.2,0.0174,0.4782,0.412287
93.75,0.01634,1.89e-05,0.04804,3.136997731,0.903,0.02495,0.03725,0.04356,0.47,3.862,0.330708,0.3531,0.0381,6.48197,1.12897,0.03045,0.282,1.31,1.037,7.36615,1.94724,0.01987,12.25,1.91114,0.044736,0.01817,0.1367,0.018338,10.0,0.0174,0.4737,0.407294
94.25,0.01634,1.89e-05,0.04777,3.09757953,0.8925,0.02495,0.03706,0.04325,0.464,3.808,0.327558,0.3489,0.0381,6.3888,1.10925,0.03028,0.279,1.3,1.028,7.27535,1.9232,0.01987,12.1,1.88632,0.044736,0.01806,0.1353,0.018232,9.88,0.0174,0.4648,0.402301
94.75,0.01625,1.89e-05,0.0475,3.058161329,0.8785,0.02476,0.03706,0.04294,0.459,3.753,0.323621,0.3448,0.0379,6.30894,1.09446,0.03028,0.276,1.28,1.011,7.1732,1.88714,0.01987,11.97,1.8615,0.044503,0.01806,0.1344,0.018232,9.75,0.0174,0.4603,0.397308
95.25,0.01625,1.88e-05,0.0475,3.018743128,0.868,0.02476,0.03686,0.04247,0.453,3.708,0.320472,0.3407,0.0379,6.21577,1.07967,0.0301,0.273,1.26,1.003,7.0824,1.8631,0.01975,11.84,1.83668,0.04427,0.01806,0.133,0.018232,9.61,0.0173,0.4558,0.393028
95.75,0.01625,1.88e-05,0.04723,2.979324927,0.854,0.02476,0.03667,0.04216,0.449,3.654,0.317322,0.3365,0.0377,6.13591,1.06488,0.0301,0.2708,1.25,0.9856,6.9916,1.83906,0.01975,11.71,1.81186,0.044037,0.01806,0.1321,0.018232,9.5,0.0173,0.4469,0.388035
96.25,0.01625,1.88e-05,0.04696,2.939906726,0.8435,0.02476,0.03648,0.04185,0.444,3.608,0.314173,0.3324,0.0377,6.05605,1.05009,0.02993,0.2678,1.23,0.9684,6.88945,1.81502,0.01975,11.56,1.78704,0.044037,0.01796,0.1308,0.018126,9.38,0.0173,0.442,0.383755
96.75,0.01615,1.88e-05,0.04696,2.900488525,0.833,0.02476,0.03648,0.04154,0.439,3.563,0.311023,0.3289,0.0375,5.97619,1.0353,0.02993,0.2649,1.21,0.9598,6.81,1.79098,0.01975,11.45,1.76222,0.043804,0.01796,0.1298,0.018126,9.25,0.0172,0.4366,0.379476
97.25,0.01615,1.87e-05,0.04669,2.861070324,0.8225,0.02476,0.03629,0.04123,0.434,3.509,0.307873,0.3247,0.0375,5.89633,1.02544,0.02975,0.2626,1.2,0.9513,6.7192,1.76694,0.01964,11.33,1.7374,0.043571,0.01796,0.1285,0.018126,9.13,0.0172,0.4308,0.375196
97.75,0.01615,1.87e-05,0.04669,2.821652123,0.812,0.02458,0.0361,0.04092,0.429,3.463,0.304724,0.3212,0.0372,5.81647,1.01065,0.02975,0.2604,1.18,0.9341,6.6284,1.7429,0.01964,11.2,1.71258,0.043338,0.01785,0.1276,0.01802,9.01,0.0172,0.4254,0.370916
98.25,0.01615,1.87e-05,0.04642,2.782233922,0.798,0.02458,0.0361,0.04077,0.425,3.418,0.301574,0.3176,0.0372,5.74992,0.99586,0.02958,0.2574,1.17,0.9256,6.54895,1.71886,0.01964,11.07,1.70017,0.043338,0.01785,0.1267,0.01802,8.9,0.0172,0.4201,0.366636
98.75,0.01606,1.87e-05,0.04642,2.742815721,0.7875,0.02458,0.0359,0.04046,0.419,3.373,0.298425,0.3141,0.0372,5.67006,0.98107,0.02958,0.2552,1.15,0.9084,6.45815,1.69482,0.01964,10.94,1.67535,0.043105,0.01785,0.1253,0.01802,8.78,0.0171,0.4147,0.362356
99.25,0.01606,1.86e-05,0.04615,2.70339752,0.777,0.02458,0.03571,0.04015,0.415,3.336,0.295275,0.3106,0.037,5.60351,0.97121,0.02941,0.253,1.13,0.8999,6.3787,1.67078,0.01952,10.83,1.65053,0.042872,0.01785,0.1244,0.01802,8.67,0.0171,0.4094,0.35879
99.75,0.01606,1.86e-05,0.04588,2.668228778,0.77,0.02458,0.03571,0.03984,0.41,3.291,0.292913,0.307,0.037,5.52365,0.95642,0.02941,0.2507,1.12,0.8913,6.29925,1.65876,0.01952,10.7,1.62571,0.042872,0.01775,0.1235,0.017914,8.57,0.0171,0.4044,0.35451
100.25,0.01606,1.86e-05,0.04588,2.637391531,0.7595,0.02458,0.03552,0.03953,0.407,3.246,0.289763,0.3035,0.0368,5.4571,0.94656,0.02923,0.2485,1.1,0.8741,6.2198,1.63472,0.01952,10.6,1.6133,0.042639,0.01775,0.1226,0.017914,8.45,0.017,0.3995,0.350944
100.75,0.01596,1.86e-05,0.04561,2.606554283,0.749,0.02439,0.03533,0.03937,0.402,3.209,0.287401,0.2999,0.0368,5.39055,0.93177,0.02923,0.2463,1.09,0.8656,6.14035,1.61068,0.01952,10.47,1.58848,0.042406,0.01775,0.1217,0.017914,8.36,0.017,0.3946,0.347377
101.25,0.01596,1.84e-05,0.04561,2.575717035,0.7385,0.02439,0.03533,0.03906,0.398,3.164,0.284251,0.297,0.0368,5.324,0.92191,0.02906,0.244,1.08,0.8553,6.0609,1.58664,0.0194,10.36,1.56366,0.042406,0.01775,0.1208,0.017914,8.24,0.017,0.3897,0.343811
101.75,0.01596,1.84e-05,0.04534,2.544879788,0.728,0.02439,0.03514,0.03875,0.394,3.128,0.281889,0.2934,0.0366,5.25745,0.90712,0.02906,0.2418,1.06,0.845,5.9928,1.57462,0.0194,10.25,1.55125,0.042173,0.01764,0.1199,0.017808,8.15,0.017,0.3848,0.339531
102.25,0.01596,1.84e-05,0.04534,2.51404254,0.721,0.02439,0.03494,0.0386,0.39,3.082,0.279527,0.2905,0.0366,5.1909,0.89726,0.02888,0.2396,1.05,0.8347,5.91335,1.55058,0.0194,10.12,1.52643,0.04194,0.01764,0.1189,0.017808,8.05,0.0169,0.3803,0.335964
102.75,0.01587,1.84e-05,0.04507,2.483205293,0.7105,0.02439,0.03494,0.03829,0.386,3.046,0.276377,0.2875,0.0364,5.12435,0.8874,0.02888,0.2373,1.04,0.8244,5.84525,1.53856,0.0194,10.02,1.51402,0.04194,0.01764,0.118,0.017808,7.95,0.0169,0.3758,0.333111
103.25,0.01587,1.83e-05,0.04507,2.452368045,0.7035,0.02439,0.03475,0.03813,0.383,3.01,0.274015,0.2846,0.0364,5.0578,0.87261,0.02871,0.2351,1.02,0.815,5.77715,1.51452,0.01928,9.91,1.4892,0.041707,0.01754,0.1171,0.017702,7.86,0.0169,0.3714,0.329545
103.75,0.01587,1.83e-05,0.0448,2.421530797,0.693,0.02421,0.03475,0.03782,0.378,2.974,0.271653,0.2816,0.0364,5.00456,0.86275,0.02871,0.2336,1.01,0.8047,5.6977,1.49048,0.01928,9.803,1.47679,0.041474,0.01754,0.1162,0.017702,7.76,0.0169,0.3669,0.325978
104.25,0.01587,1.83e-05,0.0448,2.39069355,0.686,0.02421,0.03456,0.03751,0.375,2.937,0.269291,0.2787,0.0361,4.93801,0.85289,0.02871,0.2314,1.0,0.7953,5.6296,1.47846,0.01928,9.695,1.45197,0.041474,0.01754,0.1153,0.017702,7.66,0.0168,0.3624,0.322412
104.75,0.01587,1.83e-05,0.04453,2.359856302,0.6755,0.02421,0.03456,0.03736,0.371,2.901,0.266929,0.2757,0.0361,4.87146,0.84303,0.02854,0.2292,0.99,0.7859,5.5615,1.45442,0.01928,9.588,1.43956,0.041241,0.01754,0.1144,0.017702,7.57,0.0168,0.3584,0.319558
105.25,0.01577,1.82e-05,0.04453,2.329019054,0.6685,0.02421,0.03437,0.03705,0.367,2.865,0.264566,0.2728,0.0359,4.81822,0.83317,0.02854,0.2277,0.978,0.7764,5.50475,1.4424,0.01928,9.481,1.42715,0.041241,0.01743,0.114,0.017596,7.47,0.0168,0.3544,0.315992
105.75,0.01577,1.82e-05,0.04426,2.298181807,0.658,0.02421,0.03418,0.03689,0.364,2.829,0.262204,0.2698,0.0359,4.76498,0.82331,0.02836,0.2254,0.967,0.7679,5.43665,1.41836,0.01916,9.374,1.40233,0.041008,0.01743,0.113,0.017596,7.39,0.0168,0.3504,0.313139
106.25,0.01577,1.82e-05,0.04426,2.267344559,0.651,0.02421,0.03418,0.03674,0.36,2.792,0.259842,0.2675,0.0359,4.69843,0.81345,0.02836,0.2239,0.956,0.7584,5.36855,1.40634,0.01916,9.266,1.38992,0.041008,0.01743,0.1121,0.017596,7.3,0.0167,0.3463,0.310286
106.75,0.01577,1.82e-05,0.04399,2.241389042,0.644,0.02421,0.03398,0.03643,0.357,2.765,0.258267,0.2645,0.0357,4.64519,0.80359,0.02836,0.2217,0.944,0.7499,5.3118,1.39432,0.01916,9.159,1.3651,0.040775,0.01743,0.1117,0.017596,7.22,0.0167,0.3423,0.306719
107.25,0.01568,1.82e-05,0.04399,2.217244596,0.637,0.02402,0.03398,0.03627,0.354,2.729,0.255905,0.2621,0.0357,4.59195,0.79373,0.02819,0.2202,0.933,0.7413,5.2437,1.37028,0.01916,9.073,1.35269,0.040542,0.01743,0.1108,0.017596,7.12,0.0167,0.3383,0.303866
107.75,0.01568,1.81e-05,0.04399,2.193100151,0.6265,0.02402,0.03379,0.03612,0.35,2.693,0.253543,0.2592,0.0357,4.53871,0.78387,0.02819,0.2187,0.923,0.7327,5.18695,1.35826,0.01904,8.966,1.34028,0.040542,0.01733,0.1099,0.01749,7.05,0.0167,0.3347,0.301013
108.25,0.01568,1.81e-05,0.04372,2.168955706,0.6195,0.02402,0.03379,0.03581,0.347,2.665,0.251181,0.2568,0.0355,4.48547,0.77401,0.02801,0.2165,0.912,0.7242,5.1302,1.34624,0.01904,8.859,1.32787,0.040309,0.01733,0.1094,0.01749,6.97,0.0166,0.3307,0.298159
108.75,0.01568,1.81e-05,0.04372,2.14481126,0.6125,0.02402,0.0336,0.03565,0.344,2.629,0.249606,0.2545,0.0355,4.43223,0.76415,0.02801,0.215,0.901,0.7165,5.0621,1.3222,0.01904,8.773,1.30305,0.040309,0.01733,0.1085,0.01749,6.87,0.0166,0.3271,0.295306
109.25,0.01568,1.81e-05,0.04345,2.120666815,0.6055,0.02402,0.0336,0.0355,0.341,2.602,0.247244,0.2521,0.0355,4.37899,0.75429,0.02801,0.2135,0.891,0.7079,5.00535,1.31018,0.01904,8.666,1.29064,0.040076,0.01733,0.1081,0.01749,6.79,0.0166,0.3236,0.292453
109.75,0.01558,1.8e-05,0.04345,2.096522369,0.5985,0.02402,0.03341,0.03519,0.338,2.575,0.245669,0.2497,0.0352,4.32575,0.74443,0.02784,0.212,0.882,0.7002,4.9486,1.29816,0.01904,8.58,1.27823,0.040076,0.01722,0.1071,0.017384,6.72,0.0166,0.32,0.290313
110.25,0.01558,1.8e-05,0.04318,2.072377924,0.5915,0.02384,0.03341,0.03503,0.335,2.538,0.243307,0.2474,0.0352,4.27251,0.7395,0.02784,0.2098,0.872,0.6925,4.89185,1.28614,0.01892,8.473,1.26582,0.039843,0.01722,0.1062,0.017384,6.64,0.0166,0.3169,0.28746
110.75,0.01558,1.8e-05,0.04318,2.048233479,0.5845,0.02384,0.03322,0.03488,0.332,2.511,0.241732,0.245,0.0352,4.23258,0.72964,0.02784,0.2083,0.863,0.6847,4.8351,1.2621,0.01892,8.387,1.25341,0.039843,0.01722,0.1058,0.017384,6.56,0.0165,0.3133,0.284607
111.25,0.01558,1.8e-05,0.04318,2.024089033,0.5775,0.02384,0.03322,0.03472,0.329,2.484,0.23937,0.2427,0.035,4.17934,0.71978,0.02767,0.2068,0.852,0.6779,4.7897,1.25008,0.01892,8.301,1.236036,0.03961,0.01722,0.1053,0.017384,6.49,0.0165,0.3097,0.282467
111.75,0.01549,1.8e-05,0.04291,1.999944588,0.5705,0.02384,0.03302,0.03457,0.326,2.457,0.237795,0.2403,0.035,4.13941,0.71485,0.02767,0.2053,0.843,0.6702,4.73295,1.23806,0.01892,8.215,1.221144,0.03961,0.01712,0.1044,0.017278,6.41,0.0165,0.3066,0.279614
112.25,0.01549,1.78e-05,0.04291,1.975800143,0.5635,0.02384,0.03302,0.03426,0.324,2.43,0.23622,0.2379,0.035,4.08617,0.70499,0.02749,0.2039,0.834,0.6633,4.6762,1.22604,0.01892,8.108,1.207493,0.039377,0.01712,0.104,0.017278,6.35,0.0165,0.3034,0.277474
112.75,0.01549,1.78e-05,0.04264,1.951655697,0.56,0.02384,0.03283,0.0341,0.321,2.393,0.234645,0.2362,0.0348,4.04624,0.69513,0.02749,0.2024,0.825,0.6556,4.6308,1.21402,0.0188,8.022,1.195083,0.039377,0.01712,0.1031,0.017278,6.27,0.0164,0.3003,0.274621
113.25,0.01549,1.78e-05,0.04264,1.927511252,0.553,0.02384,0.03283,0.03395,0.318,2.366,0.232283,0.2338,0.0348,3.993,0.6902,0.02749,0.2009,0.817,0.6487,4.57405,1.197192,0.0188,7.937,1.181432,0.039144,0.01712,0.1026,0.017278,6.2,0.0164,0.2972,0.272481
113.75,0.01549,1.78e-05,0.04264,1.90343911,0.546,0.02365,0.03283,0.03379,0.315,2.348,0.230708,0.232,0.0348,3.95307,0.68034,0.02732,0.1994,0.807,0.6419,4.52865,1.18397,0.0188,7.851,1.169022,0.039144,0.01712,0.1022,0.017278,6.14,0.0164,0.2941,0.269627
114.25,0.01539,1.78e-05,0.04237,1.884534004,0.539,0.02365,0.03264,0.03364,0.313,2.321,0.229133,0.2297,0.0346,3.89983,0.67541,0.02732,0.1979,0.799,0.635,4.48325,1.17195,0.0188,7.765,1.156612,0.039144,0.01701,0.1012,0.017172,6.06,0.0164,0.2909,0.267488
114.75,0.01539,1.77e-05,0.04237,1.865628898,0.5355,0.02365,0.03264,0.03348,0.31,2.294,0.227559,0.2279,0.0346,3.8599,0.66555,0.02732,0.1972,0.79,0.629,4.4265,1.158728,0.0188,7.679,1.144202,0.038911,0.01701,0.1008,0.017172,6.0,0.0163,0.2878,0.265348
115.25,0.01539,1.77e-05,0.0421,1.846723792,0.5285,0.02365,0.03245,0.03333,0.307,2.267,0.225984,0.2255,0.0346,3.81997,0.66062,0.02714,0.1957,0.782,0.6222,4.3811,1.146708,0.01868,7.593,1.131792,0.038911,0.01701,0.1003,0.017172,5.93,0.0163,0.2851,0.263208
115.75,0.01539,1.77e-05,0.0421,1.827818686,0.5215,0.02365,0.03245,0.03317,0.305,2.239,0.224409,0.2238,0.0343,3.78004,0.65076,0.02714,0.1942,0.774,0.6153,4.3357,1.133486,0.01868,7.508,1.119382,0.038678,0.01701,0.09988,0.017172,5.87,0.0163,0.282,0.261068
116.25,0.01539,1.77e-05,0.0421,1.808913581,0.518,0.02365,0.03226,0.03302,0.303,2.212,0.222834,0.222,0.0343,3.74011,0.64583,0.02714,0.1927,0.766,0.6093,4.2903,1.121466,0.01868,7.443,1.106972,0.038678,0.01691,0.09897,0.017066,5.81,0.0163,0.2793,0.258928
116.75,0.0153,1.77e-05,0.04183,1.790008475,0.511,0.02365,0.03226,0.03286,0.3,2.194,0.221259,0.2202,0.0343,3.70018,0.63597,0.02697,0.1912,0.758,0.6033,4.2449,1.109446,0.01868,7.357,1.095803,0.038445,0.01691,0.09852,0.017066,5.73,0.0163,0.2766,0.256788
117.25,0.0153,1.76e-05,0.04183,1.771103369,0.504,0.02347,0.03226,0.03271,0.298,2.167,0.219685,0.2179,0.0343,3.66025,0.63104,0.02697,0.1905,0.75,0.5973,4.1995,1.098628,0.01868,7.272,1.084634,0.038445,0.01691,0.09806,0.017066,5.67,0.0162,0.2739,0.254648
117.75,0.0153,1.76e-05,0.04183,1.752198263,0.5005,0.02347,0.03206,0.03255,0.296,2.149,0.21811,0.2161,0.0341,3.62032,0.62118,0.02697,0.189,0.743,0.5913,4.1541,1.086608,0.01856,7.186,1.073465,0.038212,0.01691,0.09761,0.017066,5.62,0.0162,0.2713,0.252508
118.25,0.0153,1.76e-05,0.04156,1.733293158,0.4935,0.02347,0.03206,0.0324,0.293,2.121,0.216535,0.2143,0.0341,3.58039,0.61625,0.0268,0.1875,0.735,0.5853,4.1087,1.07579,0.01856,7.121,1.062296,0.038212,0.01691,0.09716,0.017066,5.56,0.0162,0.2686,0.250368
118.75,0.0153,1.76e-05,0.04156,1.714388052,0.49,0.02347,0.03187,0.03224,0.29,2.094,0.21496,0.2125,0.0341,3.54046,0.61132,0.0268,0.1867,0.728,0.5793,4.0633,1.06377,0.01856,7.036,1.051127,0.038212,0.0168,0.09625,0.01696,5.5,0.0162,0.2659,0.248228
119.25,0.0152,1.76e-05,0.04156,1.695482946,0.483,0.02347,0.03187,0.03209,0.289,2.076,0.213385,0.2108,0.0339,3.50053,0.60146,0.0268,0.1853,0.721,0.5733,4.0179,1.052952,0.01856,6.971,1.039958,0.037979,0.0168,0.09579,0.01696,5.44,0.0162,0.2632,0.246089
119.75,0.0152,1.75e-05,0.04129,1.67657784,0.4795,0.02347,0.03187,0.03193,0.286,2.058,0.211811,0.209,0.0339,3.4606,0.59653,0.0268,0.1845,0.713,0.5682,3.98385,1.042134,0.01856,6.885,1.03003,0.037979,0.0168,0.09534,0.01696,5.39,0.0161,0.2605,0.244662
120.25,0.0152,1.75e-05,0.04129,1.657672734,0.4725,0.02347,0.03168,0.03178,0.284,2.031,0.210236,0.2078,0.0339,3.42067,0.5916,0.02662,0.183,0.706,0.5622,3.93845,1.031316,0.01845,6.821,1.018861,0.037746,0.0168,0.09489,0.01696,5.33,0.0161,0.2583,0.242522
120.75,0.0152,1.75e-05,0.04129,1.638767629,0.469,0.02328,0.03168,0.03162,0.282,2.013,0.209448,0.206,0.0339,3.39405,0.58667,0.02662,0.1815,0.699,0.5571,3.9044,1.0217,0.01845,6.735,1.008933,0.037746,0.0168,0.09443,0.01696,5.27,0.0161,0.2556,0.240382
121.25,0.0152,1.75e-05,0.04102,1.619862523,0.462,0.02328,0.03149,0.03147,0.28,1.985,0.207874,0.2043,0.0337,3.35412,0.57681,0.02662,0.1808,0.693,0.5511,3.859,1.010882,0.01845,6.671,0.999005,0.037746,0.0167,0.09398,0.016854,5.21,0.0161,0.2534,0.238956
121.75,0.01511,1.75e-05,0.04102,1.602034885,0.4585,0.02328,0.03149,0.03131,0.278,1.967,0.206299,0.2025,0.0337,3.31419,0.57188,0.02645,0.1793,0.686,0.5459,3.82495,1.001266,0.01845,6.607,0.989077,0.037513,0.0167,0.09352,0.016854,5.15,0.0161,0.2512,0.236816
122.25,0.01511,1.75e-05,0.04102,1.586942475,0.455,0.02328,0.03149,0.03116,0.276,1.949,0.205511,0.2007,0.0337,3.28757,0.56695,0.02645,0.1786,0.679,0.5408,3.77955,0.990448,0.01845,6.542,0.979149,0.037513,0.0167,0.09307,0.016854,5.1,0.016,0.2485,0.235389
122.75,0.01511,1.74e-05,0.04075,1.571850065,0.448,0.02328,0.0313,0.03116,0.274,1.931,0.203937,0.1996,0.0337,3.24764,0.56202,0.02645,0.1778,0.673,0.5356,3.7455,0.980832,0.01845,6.456,0.969221,0.037513,0.0167,0.09262,0.016854,5.06,0.016,0.2462,0.233249
123.25,0.01511,1.74e-05,0.04075,1.556757656,0.4445,0.02328,0.0313,0.031,0.272,1.904,0.202362,0.1978,0.0335,3.22102,0.55709,0.02645,0.1763,0.666,0.5305,3.7001,0.971216,0.01833,6.392,0.959293,0.03728,0.0167,0.09216,0.016854,5.0,0.016,0.244,0.231823
123.75,0.01511,1.74e-05,0.04075,1.541665246,0.441,0.02328,0.0313,0.03085,0.27,1.886,0.201574,0.1966,0.0335,3.18109,0.54723,0.02627,0.1756,0.66,0.5262,3.66605,0.9616,0.01833,6.328,0.950606,0.03728,0.01659,0.09171,0.016748,4.94,0.016,0.2418,0.229683
124.25,0.01511,1.74e-05,0.04049,1.526572836,0.434,0.0231,0.0311,0.03069,0.268,1.868,0.2,0.1948,0.0335,3.15447,0.5423,0.02627,0.1741,0.654,0.5211,3.632,0.951984,0.01833,6.263,0.940678,0.037047,0.01659,0.09125,0.016748,4.9,0.016,0.2395,0.228256
124.75,0.01501,1.74e-05,0.04049,1.511480426,0.4305,0.0231,0.0311,0.03054,0.266,1.849,0.199212,0.1937,0.0335,3.11454,0.53737,0.02627,0.1734,0.648,0.5159,3.59795,0.94357,0.01833,6.199,0.931991,0.037047,0.01659,0.0908,0.016748,4.84,0.0159,0.2373,0.226829
125.25,0.01501,1.72e-05,0.04049,1.496388016,0.427,0.0231,0.0311,0.03038,0.264,1.831,0.197637,0.1919,0.0332,3.08792,0.53244,0.0261,0.1726,0.642,0.5116,3.5639,0.933954,0.01833,6.135,0.923304,0.037047,0.01659,0.09035,0.016748,4.81,0.0159,0.2355,0.22469
125.75,0.01501,1.72e-05,0.04049,1.481295607,0.4235,0.0231,0.03091,0.03038,0.263,1.813,0.19685,0.1907,0.0332,3.0613,0.52751,0.0261,0.1711,0.636,0.5065,3.52985,0.92554,0.01821,6.07,0.914617,0.036814,0.01659,0.08989,0.016748,4.75,0.0159,0.2333,0.223263
126.25,0.01501,1.72e-05,0.04022,1.466203197,0.42,0.0231,0.03091,0.03023,0.261,1.795,0.195275,0.1889,0.0332,3.02137,0.52258,0.0261,0.1704,0.63,0.5022,3.4958,0.915924,0.01821,6.006,0.90593,0.036814,0.01649,0.08944,0.016642,4.71,0.0159,0.231,0.221836
126.75,0.01501,1.72e-05,0.04022,1.451110787,0.413,0.0231,0.03091,0.03007,0.259,1.777,0.194488,0.1877,0.0332,2.99475,0.51765,0.0261,0.1696,0.623,0.4971,3.46175,0.90751,0.01821,5.942,0.897243,0.036814,0.01649,0.08898,0.016642,4.65,0.0159,0.2293,0.219696
127.25,0.01492,1.72e-05,0.04022,1.436018377,0.4095,0.0231,0.03072,0.02992,0.257,1.759,0.192913,0.1866,0.033,2.96813,0.51272,0.02593,0.1681,0.618,0.4928,3.4277,0.899096,0.01821,5.877,0.888556,0.036581,0.01649,0.08853,0.016642,4.61,0.0158,0.227,0.21827
127.75,0.01492,1.72e-05,0.03995,1.420925968,0.406,0.02292,0.03072,0.02992,0.255,1.741,0.192126,0.1848,0.033,2.94151,0.50779,0.02593,0.1674,0.612,0.4885,3.39365,0.890682,0.01821,5.834,0.879869,0.036581,0.01649,0.08808,0.016642,4.56,0.0158,0.2252,0.216843
128.25,0.01492,1.71e-05,0.03995,1.405833558,0.4025,0.02292,0.03072,0.02976,0.254,1.723,0.190551,0.1836,0.033,2.90158,0.50286,0.02593,0.1667,0.607,0.4842,3.3596,0.882268,0.01821,5.77,0.872423,0.036581,0.01649,0.08808,0.016642,4.52,0.0158,0.223,0.215417
128.75,0.01492,1.71e-05,0.03995,1.390741148,0.399,0.02292,0.03053,0.02961,0.252,1.704,0.189763,0.1824,0.033,2.87496,0.49793,0.02593,0.1659,0.602,0.4799,3.32555,0.873854,0.01809,5.706,0.863736,0.036348,0.01638,0.08762,0.016536,4.48,0.0158,0.2212,0.21399
129.25,0.01492,1.71e-05,0.03995,1.375648738,0.3955,0.02292,0.03053,0.02945,0.25,1.686,0.188189,0.1813,0.0328,2.84834,0.493,0.02575,0.1652,0.596,0.4756,3.2915,0.86544,0.01809,5.641,0.85629,0.036348,0.01638,0.08717,0.016536,4.42,0.0158,0.2194,0.212563
129.75,0.01492,1.71e-05,0.03968,1.360556328,0.392,0.02292,0.03053,0.02945,0.248,1.677,0.187401,0.1801,0.0328,2.82172,0.48807,0.02575,0.1637,0.591,0.4714,3.25745,0.858228,0.01809,5.598,0.848844,0.036348,0.01638,0.08671,0.016536,4.38,0.0157,0.2176,0.211137
130.25,0.01482,1.71e-05,0.03968,1.346996927,0.385,0.02292,0.03034,0.0293,0.247,1.659,0.186614,0.1783,0.0328,2.7951,0.483633,0.02575,0.1629,0.586,0.4671,3.23475,0.849814,0.01809,5.534,0.840157,0.036115,0.01638,0.08626,0.016536,4.34,0.0157,0.2159,0.20971
130.75,0.01482,1.71e-05,0.03968,1.335192824,0.3815,0.02292,0.03034,0.02914,0.246,1.641,0.185039,0.1771,0.0328,2.76848,0.478703,0.02575,0.1622,0.581,0.4636,3.2007,0.842602,0.01809,5.491,0.832711,0.036115,0.01638,0.08581,0.016536,4.3,0.0157,0.2136,0.208284
131.25,0.01482,1.7e-05,0.03941,1.323388721,0.378,0.02292,0.03034,0.02914,0.244,1.623,0.184252,0.1759,0.0326,2.74186,0.474266,0.02558,0.1614,0.575,0.4594,3.16665,0.834188,0.01809,5.427,0.825265,0.036115,0.01628,0.08581,0.01643,4.27,0.0157,0.2118,0.206857
131.75,0.01482,1.7e-05,0.03941,1.311584618,0.3745,0.02273,0.03014,0.02899,0.242,1.605,0.183464,0.1748,0.0326,2.71524,0.469829,0.02558,0.1607,0.57,0.4551,3.14395,0.826976,0.01797,5.384,0.817819,0.035882,0.01628,0.08535,0.01643,4.21,0.0157,0.2105,0.20543
132.25,0.01482,1.7e-05,0.03941,1.299780515,0.371,0.02273,0.03014,0.02883,0.241,1.596,0.182677,0.1736,0.0326,2.68862,0.465392,0.02558,0.16,0.565,0.4516,3.1099,0.819764,0.01797,5.32,0.810373,0.035882,0.01628,0.0849,0.01643,4.17,0.0156,0.2087,0.204004
132.75,0.01473,1.7e-05,0.03941,1.287976412,0.3675,0.02273,0.03014,0.02883,0.239,1.577,0.181102,0.1724,0.0326,2.662,0.460955,0.02558,0.1592,0.561,0.4482,3.07585,0.812552,0.01797,5.277,0.804168,0.035882,0.01628,0.08444,0.01643,4.13,0.0156,0.2069,0.202577
133.25,0.01473,1.7e-05,0.03914,1.276172309,0.364,0.02273,0.03014,0.02868,0.237,1.559,0.180315,0.1712,0.0326,2.63538,0.457011,0.0254,0.1585,0.556,0.4439,3.05315,0.80534,0.01797,5.212,0.796722,0.035882,0.01628,0.08399,0.01643,4.09,0.0156,0.2051,0.201864
133.75,0.01473,1.7e-05,0.03914,1.264368206,0.3605,0.02273,0.02995,0.02852,0.237,1.55,0.179527,0.17,0.0323,2.60876,0.452574,0.0254,0.1577,0.551,0.4405,3.0191,0.798128,0.01797,5.169,0.789276,0.035649,0.01628,0.08399,0.01643,4.05,0.0156,0.2033,0.200437
134.25,0.01473,1.69e-05,0.03914,1.252564103,0.357,0.02273,0.02995,0.02852,0.235,1.532,0.17874,0.1694,0.0323,2.59545,0.44863,0.0254,0.1562,0.547,0.4371,2.9964,0.790916,0.01797,5.105,0.783071,0.035649,0.01617,0.08354,0.016324,4.01,0.0156,0.202,0.199011
134.75,0.01473,1.69e-05,0.03914,1.24076,0.3535,0.02273,0.02995,0.02837,0.234,1.523,0.177952,0.1683,0.0323,2.56883,0.444193,0.0254,0.1555,0.542,0.4328,2.9737,0.783704,0.01785,5.062,0.775625,0.035649,0.01617,0.08308,0.016324,3.98,0.0156,0.2002,0.197584
135.25,0.01473,1.69e-05,0.03887,1.228955896,0.3535,0.02273,0.02976,0.02837,0.232,1.505,0.176378,0.1671,0.0323,2.54221,0.440249,0.02523,0.1548,0.538,0.4294,2.93965,0.777694,0.01785,5.019,0.76942,0.035416,0.01617,0.08308,0.016324,3.94,0.0155,0.1989,0.196871
135.75,0.01463,1.69e-05,0.03887,1.217151793,0.3486,0.02255,0.02976,0.02821,0.231,1.496,0.17559,0.1659,0.0321,2.51559,0.436305,0.02523,0.154,0.534,0.4259,2.91695,0.770482,0.01785,4.976,0.763215,0.035416,0.01617,0.08263,0.016324,3.92,0.0155,0.1971,0.195444
136.25,0.01463,1.69e-05,0.03887,1.20534769,0.34545,0.02255,0.02976,0.02806,0.229,1.478,0.174803,0.1647,0.0321,2.48897,0.432361,0.02523,0.1533,0.528,0.4225,2.89425,0.764472,0.01785,4.912,0.755769,0.035416,0.01617,0.08217,0.016324,3.88,0.0155,0.1957,0.194018
136.75,0.01463,1.69e-05,0.03887,1.193543587,0.3423,0.02255,0.02976,0.02806,0.229,1.46,0.174015,0.1635,0.0321,2.47566,0.428417,0.02523,0.1525,0.524,0.4191,2.8602,0.75726,0.01785,4.869,0.749564,0.035183,0.01607,0.08172,0.016218,3.84,0.0155,0.194,0.192591
137.25,0.01463,1.68e-05,0.0386,1.181739484,0.33915,0.02255,0.02957,0.0279,0.227,1.451,0.173228,0.163,0.0321,2.44904,0.424966,0.02523,0.1518,0.52,0.4156,2.8375,0.75125,0.01785,4.826,0.743359,0.035183,0.01607,0.08172,0.016218,3.8,0.0155,0.1926,0.191878
137.75,0.01463,1.68e-05,0.0386,1.169935381,0.33635,0.02255,0.02957,0.0279,0.226,1.441,0.172441,0.1618,0.0321,2.42242,0.421022,0.02506,0.1518,0.516,0.4122,2.8148,0.744038,0.01773,4.783,0.737154,0.035183,0.01607,0.08127,0.016218,3.76,0.0155,0.1908,0.190451
138.25,0.01463,1.68e-05,0.0386,1.158131278,0.3332,0.02255,0.02957,0.02775,0.224,1.423,0.171653,0.1606,0.0319,2.40911,0.417078,0.02506,0.151,0.512,0.4088,2.78075,0.738028,0.01773,4.74,0.730949,0.035183,0.01607,0.08081,0.016218,3.73,0.0154,0.1895,0.189738
138.75,0.01454,1.68e-05,0.0386,1.146327175,0.33005,0.02255,0.02938,0.02759,0.223,1.414,0.170866,0.16,0.0319,2.38249,0.413627,0.02506,0.1503,0.508,0.4062,2.75805,0.732018,0.01773,4.698,0.724744,0.03495,0.01607,0.08081,0.016218,3.71,0.0154,0.1881,0.188311
139.25,0.01454,1.68e-05,0.03833,1.135788099,0.32725,0.02255,0.02938,0.02759,0.221,1.396,0.170078,0.1588,0.0319,2.35587,0.410176,0.02506,0.1495,0.504,0.4028,2.73535,0.726008,0.01773,4.655,0.718539,0.03495,0.01607,0.08036,0.016218,3.67,0.0154,0.1868,0.186885
139.75,0.01454,1.68e-05,0.03833,1.12656885,0.32445,0.02236,0.02938,0.02744,0.22,1.387,0.169291,0.1576,0.0319,2.34256,0.406232,0.02488,0.1488,0.5,0.3994,2.71265,0.719998,0.01773,4.612,0.713575,0.03495,0.01596,0.0799,0.016112,3.63,0.0154,0.1855,0.186171
140.25,0.01454,1.66e-05,0.03833,1.117349601,0.32165,0.02236,0.02938,0.02744,0.22,1.369,0.168504,0.157,0.0319,2.31594,0.402781,0.02488,0.1481,0.496,0.3968,2.68995,0.713988,0.01773,4.569,0.70737,0.03495,0.01596,0.0799,0.016112,3.59,0.0154,0.1837,0.184745
140.75,0.01454,1.66e-05,0.03833,1.108130352,0.31885,0.02236,0.02918,0.02728,0.218,1.36,0.167716,0.1559,0.0317,2.30263,0.39933,0.02488,0.1473,0.492,0.3934,2.66725,0.707978,0.01761,4.526,0.701165,0.034717,0.01596,0.07945,0.016112,3.57,0.0153,0.1823,0.184031
141.25,0.01454,1.66e-05,0.03833,1.098911103,0.31605,0.02236,0.02918,0.02728,0.217,1.351,0.166929,0.1553,0.0317,2.27601,0.395879,0.02488,0.1466,0.489,0.3908,2.64455,0.701968,0.01761,4.483,0.696201,0.034717,0.01596,0.079,0.016112,3.53,0.0153,0.181,0.182605
141.75,0.01444,1.66e-05,0.03806,1.089691853,0.31325,0.02236,0.02918,0.02713,0.216,1.333,0.166141,0.1541,0.0317,2.2627,0.392428,0.02488,0.1458,0.484,0.3874,2.62185,0.69716,0.01761,4.44,0.689996,0.034717,0.01596,0.079,0.016112,3.51,0.0153,0.1797,0.181892
142.25,0.01444,1.66e-05,0.03806,1.080472604,0.31045,0.02236,0.02918,0.02713,0.214,1.324,0.165354,0.1529,0.0317,2.23608,0.38947,0.02471,0.1451,0.48,0.3848,2.59915,0.69115,0.01761,4.397,0.685032,0.034484,0.01596,0.07854,0.016112,3.47,0.0153,0.1783,0.181178
142.75,0.01444,1.66e-05,0.03806,1.071253355,0.308,0.02236,0.02899,0.02697,0.213,1.315,0.164567,0.1523,0.0317,2.22277,0.386019,0.02471,0.1451,0.477,0.3814,2.57645,0.68514,0.01761,4.354,0.678827,0.034484,0.01586,0.07854,0.016006,3.44,0.0153,0.1774,0.179752
143.25,0.01444,1.66e-05,0.03806,1.062034106,0.3052,0.02236,0.02899,0.02697,0.212,1.306,0.163779,0.1511,0.0314,2.19615,0.382568,0.02471,0.1443,0.473,0.3788,2.55375,0.680332,0.01761,4.311,0.673863,0.034484,0.01586,0.07809,0.016006,3.42,0.0153,0.1761,0.179038
143.75,0.01444,1.65e-05,0.03779,1.052814856,0.30275,0.02218,0.02899,0.02682,0.212,1.287,0.162992,0.1506,0.0314,2.18284,0.37961,0.02471,0.1436,0.47,0.3762,2.53105,0.674322,0.01749,4.269,0.668899,0.034484,0.01586,0.07763,0.016006,3.38,0.0152,0.1747,0.177612
144.25,0.01444,1.65e-05,0.03779,1.043595607,0.29995,0.02218,0.02899,0.02682,0.21,1.278,0.162204,0.15,0.0314,2.15622,0.376159,0.02471,0.1428,0.466,0.3728,2.50835,0.669514,0.01749,4.247,0.663935,0.034251,0.01586,0.07763,0.016006,3.36,0.0152,0.1734,0.176898
144.75,0.01444,1.65e-05,0.03779,1.034376358,0.2975,0.02218,0.0288,0.02666,0.209,1.269,0.161417,0.1488,0.0314,2.14291,0.373201,0.02453,0.1421,0.463,0.3702,2.48565,0.663504,0.01749,4.204,0.65773,0.034251,0.01586,0.07718,0.016006,3.32,0.0152,0.1721,0.176185
145.25,0.01435,1.65e-05,0.03779,1.025157109,0.29505,0.02218,0.0288,0.02666,0.208,1.26,0.16063,0.1482,0.0314,2.11629,0.370243,0.02453,0.1421,0.459,0.3677,2.46295,0.658696,0.01749,4.161,0.652766,0.034251,0.01586,0.07718,0.016006,3.3,0.0152,0.1712,0.174759
145.75,0.01435,1.65e-05,0.03779,1.01593786,0.2926,0.02218,0.0288,0.02651,0.207,1.251,0.159842,0.147,0.0312,2.10298,0.367285,0.02453,0.1414,0.456,0.3651,2.44025,0.653888,0.01749,4.118,0.647802,0.034251,0.01575,0.07673,0.0159,3.26,0.0152,0.1698,0.174045
146.25,0.01435,1.65e-05,0.03752,1.00671861,0.29015,0.02218,0.0288,0.02651,0.206,1.233,0.159055,0.1464,0.0312,2.08967,0.363834,0.02453,0.1406,0.453,0.3625,2.4289,0.64908,0.01749,4.097,0.642838,0.034018,0.01575,0.07673,0.0159,3.24,0.0152,0.1685,0.173332
146.75,0.01435,1.64e-05,0.03752,0.997499361,0.2877,0.02218,0.02861,0.02635,0.204,1.224,0.158267,0.1458,0.0312,2.06305,0.360876,0.02453,0.1399,0.449,0.3599,2.4062,0.64307,0.01749,4.054,0.637874,0.034018,0.01575,0.07627,0.0159,3.2,0.0151,0.1676,0.171905
147.25,0.01435,1.64e-05,0.03752,0.988280112,0.28525,0.02218,0.02861,0.02635,0.203,1.215,0.158267,0.1446,0.0312,2.04974,0.357918,0.02436,0.1391,0.446,0.3574,2.3835,0.638262,0.01737,4.011,0.63291,0.034018,0.01575,0.07627,0.0159,3.19,0.0151,0.1662,0.171192
147.75,0.01435,1.64e-05,0.03752,0.979060863,0.28315,0.02199,0.02861,0.0262,0.203,1.206,0.15748,0.1441,0.0312,2.03643,0.355453,0.02436,0.1391,0.443,0.3548,2.3608,0.633454,0.01737,3.99,0.629187,0.034018,0.01575,0.07582,0.0159,3.17,0.0151,0.1649,0.170479
148.25,0.01425,1.64e-05,0.03725,0.969841613,0.2807,0.02199,0.02861,0.0262,0.202,1.197,0.156693,0.1435,0.031,2.00981,0.352495,0.02436,0.1384,0.44,0.3522,2.34945,0.628646,0.01737,3.947,0.624223,0.034018,0.01575,0.07536,0.0159,3.13,0.0151,0.164,0.169765
148.75,0.01425,1.64e-05,0.03725,0.960622364,0.27825,0.02199,0.02842,0.02604,0.201,1.188,0.155905,0.1423,0.031,1.9965,0.349537,0.02436,0.1376,0.436,0.3497,2.32675,0.623838,0.01737,3.925,0.619259,0.033785,0.01565,0.07536,0.015794,3.11,0.0151,0.1627,0.169052
149.25,0.01425,1.64e-05,0.03725,0.951403115,0.27615,0.02199,0.02842,0.02604,0.2,1.179,0.155118,0.1417,0.031,1.98319,0.346579,0.02436,0.1376,0.433,0.3471,2.30405,0.61903,0.01737,3.882,0.614295,0.033785,0.01565,0.07491,0.015794,3.07,0.0151,0.1618,0.167626
149.75,0.01425,1.64e-05,0.03725,0.942183866,0.27405,0.02199,0.02842,0.02589,0.199,1.17,0.15433,0.1411,0.031,1.96988,0.344114,0.02419,0.1369,0.43,0.3445,2.28135,0.615424,0.01737,3.84,0.610572,0.033785,0.01565,0.07491,0.015794,3.05,0.0151,0.1609,0.166912
